target,text,reason,lang_is_en
4,@DawnRichard THANKS LUV...KEEP THE GRIND GOING (LIKE I KNOW U WILL)...STAY POSITIVE (LIKE U ALWAYS DO) AND PRAY 2 THE NIPPLE GODS! ,non_english; ,False
0,TTP make me stresso.. nyebelin ahh! udh cape2 juga.. ,non_english; ,False
4,I am definitely a gaysian. ,non_english; ,False
4,@mmkrill Brings back memories ,non_english; ,False
4,@joesentoso wow so sweet . thank u Joe ,non_english; ,False
0,@xoAdrianne how am i gonna find you downtown? ,non_english; ,False
4,@Riannax3 hiiiiiiiiii i'm following you ,non_english; ,False
0,Leave me alone! ,non_english; ,False
0,HOPES ZACKS MOM MAKES IT HOME OK... SHE'S REALLY LOSING HER WAY  GOODNIGHT MY PEOPLE,non_english; ,False
0,ok but talk more often ,non_english; ,False
4,"@mikkelpitzner Thanks for visiting IMC Blog, Mikkel! Please drop by again ",non_english; ,False
0,i miss you. ,non_english; ,False
4,is playing on halo 3 ,non_english; ,False
4,@sydianne solo recital ni gilbert sa cksc! do you want to go? ,non_english; ,False
0,@jay_seebee WHAT?! i am so sorry ,non_english; ,False
4,@pudyot hi anaaaaaaa! ,non_english; ,False
0,@vidhyavenkat Yeah IPT ,non_english; ,False
4,"@Quessir Ð£ÑÐ°-ÑÑÐ°, Ð¿Ð¾Ð·Ð´ÑÐ°Ð²Ð»Ñ?Ñ! Ð¢Ð²Ð¸, Ð´Ð¾Ð±ÑÐ¾Ðµ ÑÑÑÐ¾. Ð£ Ð²Ð°Ñ? ÑÐ°Ð±Ð¾ÑÐ°ÐµÑ beeline.ru? Ð£ Ð¼ÐµÐ½Ñ? ÑÐ¾Ð»ÑÐºÐ¾ ÑÐµÑÐµÐ· Ð¿ÑÐ¾ÐºÑ?Ð¸. ÐÐ¿Ñ?ÑÑ Ð³ÐµÐ¾.ÐºÐ· Ð²Ð¸Ð½Ð¾Ð²Ð°Ñ? ",non_english; ,False
0,@Tashlar i miss you 2  havent spoken in ages  xxx,non_english; ,False
4,Coffeeeee ,non_english; ,False
0,isPlayer Has Died! Sorry ,duplicate_text; ,True
0,is like black... too tan  http://plurk.com/p/11feqe,non_english; ,False
4,Hi I would like to give you a good karma for a good karma  (via #zenjar ),non_english; ,False
0,@pandakabobs  please?,non_english; ,False
4,THERE'S MAD YELLING GOING DOWN ON FACEBOOK. ,non_english; ,False
4,"@lilmomz LOL, &lt;bells&gt;Eden&lt;/bells&gt; should be told that we named a drink after her ",non_english; ,False
4,@indykitty *hug indykitty* sleep tight indy... ,non_english; ,False
0,just lost a drag race ,non_english; ,False
0,oooooo i do not feel like going to work! ,non_english; ,False
0,boys are so Damn stupid ,non_english; ,False
0,i miss my puppy ,non_english; ,False
0,@realpandora unfortunately i'm not so lucky ,non_english; ,False
4,"/me ouvindo Cyndi Lauper, Ã¡lbum &quot;The Very Best Of&quot;. ",non_english; ,False
0,Salad waves   http://yfrog.com/0v1jwj,non_english; ,False
4,tWitter NewBY ,non_english; ,False
0,@jubinstull *hugs* s'only been a week aswell ,non_english; ,False
4,i hate being a female .. js ! ,non_english; ,False
0,i'm in paaaaaaaaaaaaaaain ,non_english; ,False
0,@hannah_wong holy cow  you ok?,non_english; ,False
0,@leslieyuko mine too ,non_english; ,False
0,@awonderland i haven't seen any cheetos billboards ,non_english; ,False
0,I didn't get the job ,non_english; ,False
4,yay! sitting down to play bananagrams! ,non_english; ,False
0,i just ate a huge salad from trader joes.  im still hungry.  salads dont fill you up ,non_english; ,False
0,Just got homeeeee... Goodnight. I'm tiweeed ,non_english; ,False
4,@la_ri_sah tell them I said hi. ,non_english; ,False
4,"@GEEBIS haha thanks, how has your day been so far???? ",non_english; ,False
0,@LoinDeCeMonde aw poor you ,non_english; ,False
0,@souljaboytellem  omg i'll be prayin fer yuh. everything gunna be alright.,non_english; ,False
4,@Nadds soooo good!  Hows you?,non_english; ,False
4,@Sarah_cawood http://twitpic.com/4he5h - awww soo cute  xx,non_english; ,False
0,aaron i'm taken i'm sorry ,non_english; ,False
0,Lol graduation requirement  i wanted to avoid it,non_english; ,False
0,is sooooooooo sore...like everywhere hurts ,non_english; ,False
0, MOT didnt go v.well,non_english; ,False
4,@MrsZee Go you ,non_english; ,False
0,Them` long` nuong ,non_english; ,False
0,DT error on my reports...  - WSPRnet - http://wsprnet.org/drupal/node/568 #hamr,non_english; ,False
4,@delamarRX931 you cried? or almost cried? ,non_english; ,False
0,My sister just broke her arm i feel sooooooooooooooooooooo bad ,non_english; ,False
4,"@Lee_bandoni Ok, see you at da climbing ",non_english; ,False
4,quitting somke.. ,non_english; ,False
4,Today my prom!! ,non_english; ,False
4,Leaving Stockton... just met some extended family members I didn't know I had ,non_english; ,False
0,@badgirltanisha I miss seeing you ,non_english; ,False
4,@jimmyrobinson07 haha some do. Thats good ,non_english; ,False
0,@mandydob yesss ,non_english; ,False
0,@7arah yeah.  ,non_english; ,False
4,gilmore girls  !!!!!!!,non_english; ,False
4,"@SweetTweetCLT Damn right! Like I said, CLASSIC! Thanks for listening  ",non_english; ,False
4,@gronical oew. Elsje. ,non_english; ,False
4,sandals rock. ,non_english; ,False
0,I have sore muscles... ,non_english; ,False
4,@BT Aaaaaaaah that sounds Mental ,non_english; ,False
4,@BennyGreenberg  hav a grt day,non_english; ,False
0,@mattydTI so jealous. i miss ron's dinners ,non_english; ,False
4,playing some killer basketball with some friends! ,non_english; ,False
4,Listening to music ,duplicate_text; ,True
4,@ddlovato sana claus s tru you are so very pretty ,non_english; ,False
4,@Lark_vamp_ THANKS 4 THE SONG  AWESOME!,non_english; ,False
4,@Meggs14 done and done. ,non_english; ,False
4,@lillaaayelove i LOVE research papers  &lt;/sarcasm&gt;,non_english; ,False
4,"Pakistan v Australia, 5th ODI, Abu Dhabi,Royal Challengers Bangalore v Mumbai Indians http://www.espnlive.info ",non_english; ,False
4,@gopalo Agreed re bed and re you being gentleman ,non_english; ,False
0,@MiSz_KaYla1025 hha damn right i ain't. i'm gonna feel like shit tomorrow. ,non_english; ,False
0,"had tea, am still starving ",non_english; ,False
4,"will go to gym today with her adopted child ,thabo.  i will i wil",non_english; ,False
0,no updates ,non_english; ,False
4,@chrisodonnell you're welcome! ,non_english; ,False
4,@vijaykhurana I'll be voting for Gotye ,non_english; ,False
0,&quot;fuck friends&quot;? That made me feel great ,non_english; ,False
0," cant afford to see Angels and Demons, so i watched it for free: http://tr.im/lvBu",duplicate_text; ,True
0,I'm so bored  I wanna go homeeee ,non_english; ,False
4,@pinksavannah morpho rocks! ,non_english; ,False
4,"@ammiisaurusrexx haha ok, good luck ",non_english; ,False
4,I love that  gaba jelly ,non_english; ,False
4,Art class. Fun fun fun  express yourself !,non_english; ,False
0,"dude, the cat just bit me ",non_english; ,False
4,@viherrera WOULD LOVE TO BE AN INTERN.  PLEASE PLEASE ,non_english; ,False
4,i LOVE our basement ,non_english; ,False
0,iamdiddy awww i'm so sorry for your sister ,non_english; ,False
0,@Epyon08 yep ,non_english; ,False
0,I'm at work ,non_english; ,False
4,Julien is EPIC.  @sammie_doodle Oh noez! 0_o I hope it works soon!,non_english; ,False
4,M??i c??t to?c. Trï¿½ng mi?nh ngï¿½?u qua?. ,non_english; ,False
0,Dude took my seat. ,non_english; ,False
4,update my picture ,non_english; ,False
4,@gijsbregt there you go ,non_english; ,False
4,@devilxoxo gi ad masalah ma nyokap. gilaaa dy ngmngnya nancep abiss..aniweii thanks yaaa ,non_english; ,False
0,@yesterdaysprize  cheer up!,non_english; ,False
4,"@eunichick , no I don't (*grin). Tell meeeeee ",non_english; ,False
0,@mikedeleon must not taste good.  ,non_english; ,False
0,@manic_nimrod fuck ,non_english; ,False
4,will go to sleep now...may pasok pa bukas eh...bye  http://plurk.com/p/z2xn7,non_english; ,False
4,"@revtrev Good night, man! ",non_english; ,False
0,waking up but not in vegas ,non_english; ,False
4,@jayblay haha.. No  a COOL name! Jostens I MISS YOU!!!,non_english; ,False
4,#mcflyforgermany #mcflyforgermany #mcflyforgermany #mcflyforgermany #mcflyforgermany #mcflyforgermany #mcflyforgermany #mcflyforgermany ,non_english; ,False
4,demi lovato is sooo cute. i wanna see her in movies. ,non_english; ,False
0,Just say NO! ,non_english; ,False
4,@TimCub I'm a little jealous!  *HUGS*,non_english; ,False
0,But I miss Tommyyyy. ,non_english; ,False
0,Feeling very drowsy. ,non_english; ,False
0,3 short ,non_english; ,False
4,Dyed my hair.  ,non_english; ,False
4,@chrysalisceo delete is your friend ,non_english; ,False
0,will edit sailor fuku ni onegai now  http://plurk.com/p/y1t7o,non_english; ,False
4,@RiesOuwerkerk thank you for joining http://twittermarketerpro.com ,non_english; ,False
0,damn earthquake almost broke my lamp.. erg ,non_english; ,False
0,My head hurts ,duplicate_text; ,True
4,Minigolfing with my man ,non_english; ,False
0,"@IAMCHASEQUIAT nah uh, Chase ",non_english; ,False
0,@WerewolfEmbry ,non_english; ,False
4,@joymeetsworld hope ur orientation went well ,non_english; ,False
4,I knoowwwww ,non_english; ,False
4,@MEDGE32 Of course!  ,non_english; ,False
0,I feel very sad ,non_english; ,False
4,withh bellaaaa!! ,non_english; ,False
4,OFFLINE ,non_english; ,False
4,@Mark_Wahlberg HAPPY 38TH!! ,non_english; ,False
0,"@michel_h sei lÃ¡, onde preferirem ",non_english; ,False
4,"dinner menu with these guys: soto kaki sapi, bakwan malang, tahu telor, ayam bakar madu, swikee, sate babi, bakut bakar.. yummy ",non_english; ,False
0,@trendplanner link not working   try using http://tr.im/,non_english; ,False
4,@deva187 good thanks.  you're doing good?,non_english; ,False
4,My movie not working hate you internet ,non_english; ,False
0,"@jlee_ Oh shit,. it died?! ",non_english; ,False
0,@cSnow13 ,non_english; ,False
0,@missxerica It's taking too long.. ,non_english; ,False
4,FINALLY made a facebook! Adddd meeee ,non_english; ,False
0,doesnt understand twitter ,duplicate_text; non_english; ,False
0,Dodgers r losing  ......,non_english; ,False
4,YEAH WINGS ! ,non_english; ,False
4,Anytime ,non_english; ,False
4,"Happy robbie drank a good bit, as long as he doesn't wake up sick ",non_english; ,False
4,EEEEHH I LOVE MY ENGLISH MOVIE THING!! ,non_english; ,False
4,@girlambrosia I will totally keep you.  ,non_english; ,False
4,"Baby slept all night!!! 7.5 hours last night, wooooohoooo!!!! ",non_english; ,False
0,work start ,non_english; ,False
4,@dancemasstv thank you! ,non_english; ,False
4,I see taco bell in my immediate future ,non_english; ,False
4,@dougiemcfly http://twitpic.com/3egm2 - Fitt (L) ,non_english; ,False
0,Takes forever for everybody to get ready. ,non_english; ,False
4,@juanbarnard Thank you!! ,non_english; ,False
4,"@aedrian_ahaene yep, Ive been awake. just been on the phone ",non_english; ,False
0,"waiting, waiting, waiting ",non_english; ,False
0,@Hilton954 I didnt see you  ,non_english; ,False
4,Hiiiiiiiiiiiiiiiiiii theEEEeeere! ,non_english; ,False
4,@ashlyngibbs you'll be fine.  good luck ,non_english; ,False
0,just burnt my windpipe on pasty owwy ,non_english; ,False
4,@adriansurya I'm on my way!  http://myloc.me/1npd,non_english; ,False
4,i am boreddddddddddd......soccer laterrr ,non_english; ,False
0,@emmalulubelle   I agree. POOR ALLISON!! ,non_english; ,False
4,Yaaaaaaaaaaaaaaawn... Good morning Tweeps ,non_english; ,False
0,Fuck no Bayside. ,non_english; ,False
4,@JoelMadden heck yes!! bring on the weekend! ,non_english; ,False
0,tired and hungover ,non_english; ,False
4,well yeah ,non_english; ,False
0, bad day,non_english; ,False
4,stickam.com ,non_english; ,False
4,@newchaosgirl hï¿½ was? ,non_english; ,False
0,@RudeBwoyHardy ,non_english; ,False
4,yay no more taking notes  finally,non_english; ,False
0, i have to start studying for finals,non_english; ,False
4,I am never leavin! ,non_english; ,False
4,Huahuahua... Making full use of unlimited data plan and Gravity ,non_english; ,False
4,GOODNIGHT ,non_english; ,False
4,hahaha sunflower ,non_english; ,False
4,@silkies I wish! ,non_english; ,False
0,@koreekreeper i can still update from my phone. i just dont get anyones updates ,non_english; ,False
0,@BDaht awww man... i miss yall ,non_english; ,False
0,In Hawaii. Hot ,non_english; ,False
4,"Chez Fabrice, great spot ",non_english; ,False
4,"Multi-tasking and working out hard this week, keepin my goal in mind ",non_english; ,False
0,I freakin miss okinawa... awww ,non_english; ,False
0,Stupidddrunl really emuv u ,non_english; ,False
0,@ddlovato nooooooooooooo i was just in London  sucks,non_english; ,False
4,@chioo bu udah follow gw belom di twitter? ,non_english; ,False
4,@youvandalx899x oh and happy birthday babyyyy. ,non_english; ,False
4,BACK FROM LUNCH!  @celinehlbk YEAH i LOVE it too! so delicious *-*,non_english; ,False
4,@jimmyrobinson07 thanks ,non_english; ,False
4,@Cmacmillan OH HAY THERE. ,non_english; ,False
4,@louiseyfxce Spankkkkk-you! ,non_english; ,False
4,Back at work after an amazing summer weekend @SÃ¶derÃ¶ra. Next weekend: Rome ,non_english; ,False
4,His song is my song...  phone boning...,non_english; ,False
0,@mamakatslosinit aww that stinks ,non_english; ,False
0,Mallorca seems a distant memory ,non_english; ,False
0,i still look like quasi modo ,non_english; ,False
0,"? ??? ?????? ????,??? ??????? ???????? ???????? ????? ???????? ? ???? ? ??????? ?????????? ??????? ??????? nearby ???????? ???? ???? ???? ",non_english; ,False
0,@cartoono eml sent.. sorry so late.. data issues  *pouts*,non_english; ,False
4,@CALMTOOQUIET oh okayyy  thank youuu. you can be the ninang haha,non_english; ,False
4,i love you conan ,non_english; ,False
0,daMn .. its hOt in deLhi....  ...,non_english; ,False
0,@reevosaulus kdng2 sh kl soalny gampang hahaha tp ga pernah dpt pt gw ,non_english; ,False
4,Ä?ang rá»§ rÃª má»?i ngÆ°á»?i twitter cÃ¹ng mÃ¬nh  Try try :-x,non_english; ,False
4,@jamiedavinci hahaha  kakaaliw kaya ng nobody.  Para may Asian representation naman yang showdown na yan. hahaha,non_english; ,False
4,@nexy I sent a trade request ,non_english; ,False
0,ahhh I'm sittin here missin my boo sooooo bad ,non_english; ,False
0,being bored ,non_english; ,False
0,@_mare_ lmao!!! I'll do it all mare!!! I miss u! ,non_english; ,False
0,Twtter has not been friendly lately. not saaaweeeet ,non_english; ,False
4,@hannahmusson yeyyyy!!! Well done!! ,non_english; ,False
0,"Goshhhh, jangan skt dong pleaseee  http://myloc.me/2MV8",non_english; ,False
4,happy sunday ,non_english; ,False
0,@malenga i'm not seeing any pic ,non_english; ,False
4,@PolitelyPink How do i look?? ,non_english; ,False
4,hopes eco goes well ,non_english; ,False
0,@jacquelinos ... i cant understand your twwwweeeets. ,non_english; ,False
4,@hadez2000 so far i'm liking it ,non_english; ,False
4,We are going shopping today!! yay!  And im going to spend shit loads of money!!! Mwahahahahahahahahahahahahahahahahahahahahahahahahahahaha,non_english; ,False
0,@livelikelivdee awww your prom dress ,non_english; ,False
0,"Sleepyy !  i duno , i dont wanna go to beeed . ",non_english; ,False
0,@BLUEBOI226 awww I'm sorry! My baddddd!  I got u tho.,non_english; ,False
4,@dfizzy hah. Have fun sleeping. [: Hope you feel better soon. ,non_english; ,False
4,@iamdiddy good night  Diddy live &gt; http://bit.ly/BeN2t,non_english; ,False
4,"@kimmieiskuhl What a coinkydink, I'm knittin too ",non_english; ,False
4,@hollymae20 DM you bk  x,non_english; ,False
4,@mandielyse italian ,non_english; ,False
4,@afonin ?? ??-?? ? ?????????? ?? ?????? ??????? ,non_english; ,False
0,@lusiine gaaah!  we gotta plan somethin' !,non_english; ,False
4,@ggmagree hello gg! ,non_english; ,False
0,Whaaat! Warped Tour is gonna be awesome! I wanna go. ,non_english; ,False
0,homework ,duplicate_text; non_english; ,False
4,@Icklesal See you later - ,non_english; ,False
0,@patpreezy 500 ,non_english; ,False
0,@JoelMadden oh no does the dog die??? i havent seen it yet ,non_english; ,False
0,I just went to 11 ,non_english; ,False
4,"program vidÃ­m nÃ¡sledovnÄ: lattÃ© z Ä?ezkavÃ¡rny, cigÃ¡rko, onlineovky.cz, podtrhÃ¡vÃ¡nÃ­ v seznamu zÃ­tÅejÅ¡Ã­ch meetingÅ¯, evidence karet -&gt; DOMÅ®!! ",non_english; ,False
0,@heynadine ,non_english; ,False
0,"@relampag0 no, just till next monday ",non_english; ,False
4,"Yeah, yeah! Holidays! ",non_english; ,False
0,@mundah Argh. ,non_english; ,False
0,"falling in love ,tapi nasib dengerin dia curhat tentang tu cewe terus ",non_english; ,False
4,@BabyboomerGeek What do you think is the best twitter tool? I like tweet later. http://www.tweetlater.com/86234.html ,non_english; ,False
0,@Raysa haha! you are soo right.   and... look where I am.,non_english; ,False
0,@genzaichi @ianrdexter i wish brum had a ruddy felafel scene ,non_english; ,False
4,I just feel like its a Dean moment  ? http://blip.fm/~5h1sv,non_english; ,False
0,vending machines suck...took my damn dollar ,non_english; ,False
4,@gurjeetkaur fake speeches? ,non_english; ,False
0,"@jaaaaayehm DID YOU VOTE FOR ME, TOO? ",non_english; ,False
4,"@eyinteriors I'm good thanks, like you, I've been working hard on my biz ",non_english; ,False
4,Squee! Squee! Squee!! Ed just called me! ,non_english; ,False
4,"@jaredisle old skool, love it  one vote for proud",non_english; ,False
0,omg i do not feel good ,non_english; ,False
4,last exam today  yay!!,non_english; ,False
4,one month until warped tour....yaaaaaaay ,non_english; ,False
0,i got colds. ,non_english; ,False
0,BIG issues ,non_english; ,False
4,At wise guys ,non_english; ,False
4,"@jaanikajou being boring in here,  btw I GOT THOSE GREY PANTS, THAT I WANTED, for jogging and P.E. ",non_english; ,False
0,I'm a twitter virgen ,non_english; ,False
4,i have a blogspot now ,non_english; ,False
4,Writing a song  Xxx,non_english; ,False
0,@ronaldjanmhar i think i got her sick ,non_english; ,False
0,@kacymariemae my dad wont bring me to your work ,non_english; ,False
4,@SongzYuuup Imma sting you... LOL~ XOXO ,non_english; ,False
4,@isobael @Bibliomom Mermaid magic!  ,non_english; ,False
0,@lomak1985 bcuz he treats me like shit ,non_english; ,False
4,that made my day. my week ,non_english; ,False
4,"Me.... Dominating  in Anaheim, CA http://loopt.us/AYzs0Q.t",non_english; ,False
4,@cece_newnew xoxo ,non_english; ,False
0,I am screeeeeeeewed... ,non_english; ,False
4,@georgeinglis You're welcome! ,non_english; ,False
4,Sunday Funday at LaStrada with @epeduah ,non_english; ,False
4,@URFaVBaByBoo lol thanks you too.. ,non_english; ,False
4,@rundzy .....very sweet ....u r a good son ,non_english; ,False
4,I love my itouch!! ,non_english; ,False
4,"@Michael_Cera Yay, we're always glad when your on   &lt;3 &lt;3",non_english; ,False
4,@pragyavats surviving...just about ,non_english; ,False
0,my #tweetdeck Horizontal scroll bar keeps breaking  have to keep restarting &gt;_&lt;,non_english; ,False
0,OMG LALA JUST BROKE DOWN IN HOLLYWOOD WITH SWEETIE!!!  ON PINES BLVD ,non_english; ,False
0,looks like my phone is broken ,non_english; ,False
4,@malu__ hahaha you may tweet me hun  x,non_english; ,False
4,@ellieWaller. Lml? You have the best sister ever. Haha. ,non_english; ,False
0,@JessicaViberg OOOOOHOH  WHERE IS MINE? ,non_english; ,False
4,MARY- gutan wuhh? o_O CARA- LMAO HI!  ROSE- good  DUCKY- helloooo!,non_english; ,False
0,@lugarza yesss it isnt fun ,non_english; ,False
0,"godd morning all, me is feel ill today  how are you",non_english; ,False
4,@RMRLive  i like you,non_english; ,False
4,im angry ,non_english; ,False
4,says good afternoon.  http://plurk.com/p/pbquy,non_english; ,False
4,@ddlovato TELLLL USSS  SO I CAN COUNT THE MINUTES,non_english; ,False
0,"have i ever told you, i'm number dyslexic. no kidding ",non_english; ,False
4,Hmmm Shopping Today.............  x x x,non_english; ,False
0,2:15am yyy am ii stiill up? mhan ii am  tired twitter. i juxt wana qoo too sleep. uqqqhhh q.nite HOPEFULLI ,non_english; ,False
0,@jawsytown I know. ,non_english; ,False
4,@dannygokey DANNY YOU MOVED UP TO #4!!!!! TELL EVERYONE TO KEEP VOTING!!! ITS WORKING!! ,non_english; ,False
4,WayneHEAD ,non_english; ,False
0,@jasper00711 yeah but you didn't cause all you guys hate me ,non_english; ,False
0,I miss you i miss you smile ,non_english; ,False
0,EVERYONE IS AWAY. ,non_english; ,False
0,@MrRoyalty lol damn.. mines sure aren't.. ,non_english; ,False
0,"mai thi communication system mï¿½ ch?a cï¿½ h?c ???c ch? nï¿½o h?t, ch?c l?i f?i n?p gi?y tr?ng nh? hï¿½m thi mï¿½n Anten quï¿½,  :'&lt;",non_english; ,False
4,@DerekSanders I agree ,non_english; ,False
4,???????????????  @MILEYCYRUS  I VOTE FOR YOU EVERYDAY !!!!!!!AND I KNOW YOU WILL WIN!!!  ?????????????????????????? ????  GOD BLESS,non_english; ,False
4,Just got done baking with Kj and dani ,non_english; ,False
0,@flamebornbeads yeah. Crap days. ,non_english; ,False
0,"@stephkneedee oh no, hope your ankle is better soon ",non_english; ,False
0,has been 2 france well gd skl 2moz   ,non_english; ,False
4,CARA: OOOH 40 FOLLOWERS!! THANKS GUYS!!  XOXO,non_english; ,False
0,@3amjosh Yikes Stripes!!! ,non_english; ,False
0,bad news: http://tinyurl.com/lkcs56 (via @gregjames) ,non_english; ,False
4,I'll get better in times ,non_english; ,False
0,i dont wanna work.... ,non_english; ,False
0,Killer headache  megggyy i &lt;3 you,non_english; ,False
0,131 words.... and i feel like sleeping already ,non_english; ,False
4,sunny day ,non_english; ,False
4,@GABBYiSACTiVE Goodnight sweet dreams! ,non_english; ,False
0,monday morning ,non_english; ,False
0,@Romesaaaa not going to canada. ,non_english; ,False
0,havent been feeling well and trying to get  better ,non_english; ,False
4,@twittpoet Wa Alaikum Salaam brother ,non_english; ,False
0,Bad hair day.. ,non_english; ,False
4,@talk2donboy that i dont feel like makin em aqain haha. ima make more tonite ,non_english; ,False
0,@cyounes Ù?Ø¹ÙØ§Ù ÙØ²ÙÙØ© Ø³Ø§Ø­ÙØ© ,non_english; ,False
0,Last week of my workterm! ,non_english; ,False
0,@bostongrlkayte AHHHHHHHHHHHHHHHH!!! I'm gonna cry ....again!!!! ,non_english; ,False
4,@Firiath - Xboxerin? Gamertag... her damit ,non_english; ,False
0,Gah got banned again on habbo ,non_english; ,False
0,@jen004 I can't give you no more props   ,non_english; ,False
0,@Cortnie i haven't forgotten you! i just can't get to you. ,non_english; ,False
0,woooorking............ in sunday ,non_english; ,False
0,is still ill ,non_english; ,False
4,rt @Adrienne_Bailon SHOUT OUT TO @Silentbx ,non_english; ,False
0,Going to be staying late again... ,non_english; ,False
0,@HowardPorter ,non_english; ,False
0,@Bren_311  i'm sorry you had a bad day.,non_english; ,False
4,"@nichil, @diandraanandipa, @moncil GOOD LUCK BUDDIES ",non_english; ,False
0,back to work again  hahaha XD,non_english; ,False
0,- @minxlj hope you get better soon ,non_english; ,False
4,@busybeeblogger I remember u saying when u like a guy u r giggly ,non_english; ,False
4,Bon week end les gens ,non_english; ,False
4,"@savagestar eh dude so do i, so do i. thanks ",non_english; ,False
4,@ivooka12 I THINK I need to see you ,non_english; ,False
4,"I like Ubertwitter, better then Twitterberry! ",non_english; ,False
4,@SeanNoonan Yay!! ,non_english; ,False
0,@BoringKris I find it much easier 2 make an excuse than 2 go do it. OMFG I'm gonna be stuck here at work for aaaaaaages ,non_english; ,False
0,Up an idk y ,non_english; ,False
4,ready to toke. ,non_english; ,False
0,slpy  monday  uhhhhhhhhhhhhhhhhg,non_english; ,False
4,@greythornberry  You go girl! ,non_english; ,False
4,just woke up.. ,non_english; ,False
4,@ChantaeH id go and tell him : hi nick howaa u? and hug him  did u see him?,non_english; ,False
0,2:30am cant sleep  ..fml,non_english; ,False
4,YAY!!!   I won!!   http://bit.ly/18haHI,non_english; ,False
4,@dougiemcfly i wanna see ,non_english; ,False
4,"good night twitterworld. sleep well, dream sweet, &amp; wake up blessed. ",non_english; ,False
4,chilling ,non_english; ,False
0,why did I ever delete my twitter? ,non_english; ,False
0,NADAL  FUCKING OWN THIS BASTARD ! ! !,non_english; ,False
4,@ArielRebel hahah yup.. and I sent ya 3 back ,non_english; ,False
4,"@Axeel oooooh. okay, thanks ",non_english; ,False
0,@depleteduranium   stinks,non_english; ,False
0,but i cant... ,non_english; ,False
4,@Myke329 MAD LATE But GOOD LUCK ,non_english; ,False
0,Last Tuesday @ BMS ,non_english; ,False
4,"@RachelleLefevre kisses from Saint-Hubert, Quebec  xxxx",non_english; ,False
4,Lovin Summer '09 ,non_english; ,False
4,@BertHofstede ,non_english; ,False
0,@KaydeeJoyce I haven't seen it yet either ,non_english; ,False
4,Twitter in japanese ? huuum yeaaaaah  In French please &gt;&lt;,non_english; ,False
4,GONA CHILL WITH MANNY TODAY! ,non_english; ,False
4,working...love it!!! ,non_english; ,False
4,nvm! TIME TO GET HAMMERED  YAY!,non_english; ,False
4,Long weekend here I come!!!!!!!! ,non_english; ,False
0,omg i spent all my money !!  i just got paid yesterday.... ,non_english; ,False
4,@brigwyn Oh hey! Grats on your 'welcome aboard' email! ,non_english; ,False
0,is at work ,non_english; ,False
4,@wondrous_as_u Goodnight....hug Mike for me. ,non_english; ,False
4,@dalmaetian http://www.myspace.com/zeeavi think you'll like her ,non_english; ,False
0,"I miss him, I do. ",non_english; ,False
0,@Kelcii:I didnt i wanted to go ,non_english; ,False
4,@michaelnobbs thank you michael ,non_english; ,False
4,@louieaberia haha! awww.. yeah it is cute!  lol u like pandas diay? oh yeah i think you do. hahaha ),non_english; ,False
0,I have a fever.  ,non_english; ,False
4,@senseirob LOL ppl are boring ,non_english; ,False
4,@kylesibert we want you to tweet ! ,non_english; ,False
4,day off today ,non_english; ,False
4,"@juniorvasquez LOL sorry cuz... We'll go wheneva u come up herr, PROMISE!!! ",non_english; ,False
4,http://twitpic.com/3jnt6 - Party weekend ,non_english; ,False
0,@bjds my WRX doesnt go sideways in the rain like my Skyline does ,non_english; ,False
4,"@unouomedude very good, just graduated! hallelujah! ",non_english; ,False
0,"@ShelbyLynn1994 erg, i cant send it ",non_english; ,False
0,@farrier03 Sounds like a blast. ,non_english; ,False
4,@ClaudeKelly Loving &quot;True&quot; &amp; &quot;Goin' Under&quot; ,non_english; ,False
0,@rugzdbewler lol not funny I'm sad  http://myloc.me/2lp5,non_english; ,False
0,@GHmltn I know......just dont wanna ,non_english; ,False
0,I have just 30 minutes to Tweet! ,non_english; ,False
0,OMG WHERE'S MY FOOD AT ,non_english; ,False
4,@vaxen_var THANKS!!! ,non_english; ,False
4,@changndk Estarei com vocï¿½ ,non_english; ,False
0,@xPowxBangxBoomx dammiitt!! i wish i had MTV ,non_english; ,False
4,@sdmjrda i would be too. ,non_english; ,False
4,@carriekerpen Thank YOU!  And congrats!,non_english; ,False
0,is very upset ,non_english; ,False
4,@_Dannii_ OMG GUESS WHAT I'M DRAWING!!! hi ,non_english; ,False
4,i rap BUT I SING TOO   LISTEN... http://www.zshare.net/audio/59971352fd596772/,non_english; ,False
4,@renesmeee Yeah! ,non_english; ,False
0,"@banjira Yep, the system doesn't like your IP (92.202.23.165) ",non_english; ,False
4,yay its sunny again ,non_english; ,False
4,@paultelner thanks man glad you liked it ,non_english; ,False
4,@Volcompunk G'day mate ,non_english; ,False
0,Why is getting to sleep so hard ...  ,non_english; ,False
4,@KourtneyKardash happy bday ,non_english; ,False
0,i think i miss going to schoooooooooooooooool ,non_english; ,False
4,I like my t-shirt   http://twitpic.com/6bqah,non_english; ,False
0,my camera died i'm so upset ,non_english; ,False
4,@yaseminx3 yeah  isn't it just fab ? :],non_english; ,False
4,@lovely_shane03 i love you ,non_english; ,False
4,@Amoli016 Woohoo!!  I will be a Rockstar first!!!  buahahahaha...,non_english; ,False
0,homework ,duplicate_text; non_english; ,False
0,i miss seeing your smile ,non_english; ,False
4,@NicJJ is Emma home yeaaa? ,non_english; ,False
0,"@jonnydollarUK haha yea, I don't play much ",non_english; ,False
4,Bed time! i love home ,non_english; ,False
4,@die_lavish FROM HERE.. TWITTER.. ,non_english; ,False
4,"@readysetgomusik Hahaha, nah I'm going to buy 5  &lt;3",non_english; ,False
4,NIGHTY NIGHT YALL....MWAH MWAH MWAH! ,non_english; ,False
4,@dougiemcfly No you're not ,non_english; ,False
4,@julianzito sharing is caring ,non_english; ,False
0,@djtgif blame irt all on @MrBoutique he did it ,non_english; ,False
0,Rainy day ,non_english; ,False
4,Mr. PIV @jakepiv....WELCOME ,non_english; ,False
0,i wanna go ATL tonight ,non_english; ,False
4,"Open house between 2-4 at: 7540 Gilles-Bolvin, RDP.  3 bed. Semi-det. CT. Big lot. Near services.$263,900.  http://www.orfeo.ca",non_english; ,False
0,"@qaern bukan dr babi yg bahaya, tp manusia.. Skrg hindarin tempat2 rame en sumpek.. ",non_english; ,False
0,MSN keeps on crashingggggggg ,non_english; ,False
4,I LOVE ALISHIAAAAAA WEIKLE &lt;3 &lt;3  ,non_english; ,False
0,R.I.P ATL  we miss ya already babyboy!!,non_english; ,False
0,boredddddddddddd.  i need money for beer. ,non_english; ,False
0,Crystal doesn't feel good today. ,non_english; ,False
0,Court... ,non_english; ,False
4,Photo: my birthday meaaal  http://tumblr.com/xsz21uo3r,non_english; ,False
4,@shaneheadboy ,non_english; ,False
4,@avenuepink Thanks For Having Me!!!!! ,non_english; ,False
4,@ettelinah@markdan_03 tra let's 'conceptualize' again ,non_english; ,False
0,@derouiche don't you still love me ,non_english; ,False
4,the weekend was soo awesome.... ,non_english; ,False
4,Enjoying summer ,non_english; ,False
4,i want chips ,non_english; ,False
0,"#Wiebe 989,400 points - he didn't make it ",non_english; ,False
4,@janine_j9 haha. same.  &amp; myspace &amp; youtube.,non_english; ,False
4,You say I'm lazy ... I say I'm happy ... ,non_english; ,False
0,@MideVodka  Hang in there buddie! dont let'em get thee,non_english; ,False
4,@ryesilverman Under a rock? ,non_english; ,False
0,@QuiMo it does seem like Block party is done... ,non_english; ,False
0,im wantin 2 go bk 2 nYc ...... ,non_english; ,False
4,its confirm.. ah1n1 nandito malapit sa amin. hahaha basta maghugas ng kamay using safeguard!  http://plurk.com/p/y5cr5,non_english; ,False
4,is @cantersdeli  http://twitpic.com/6qg8u,non_english; ,False
4,@gawd0r LOL !  what do you use?,non_english; ,False
4,@airarowena wow . FAVORiTE GiRL ! haha . thanks .  misss uu . &lt;3uu . x| .,non_english; ,False
4,@rsiu0104 How did it go? Any freebie? ,non_english; ,False
4,yeah..!!! weekend ,non_english; ,False
4,@lindasmith247 Will take a look ,non_english; ,False
0,still working ,non_english; ,False
0,I miss UVgay ,non_english; ,False
4,Good morning ,duplicate_text; ,True
4,"again, again www.lisball.blogg.no ",non_english; ,False
4,@starlingpoet #recomendo tb ,non_english; ,False
0,"Tut tut, it looks like rain ",non_english; ,False
0," cant afford to see Angels and Demons, so i watched it for free: http://tr.im/lvBu",duplicate_text; ,True
0,i miss @jordanknight!! i really do!! ,non_english; ,False
0,7 hours left ,non_english; ,False
0,ignore all your messages ,non_english; ,False
0,Goodnight ,duplicate_text; non_english; ,False
0,@phamtamm tsk tsk! I miss you guys ,non_english; ,False
4,I just kinda died and woke up again. ,non_english; ,False
4,freedom freedom freedom ,non_english; ,False
0,@daaymgirl @nez23 soalnyah dia makin lama making me sick ,non_english; ,False
0,N da iis  cuz iii dont talk 2 hoy lyk the old dayz ,non_english; ,False
4,is watching yugioh. hahahahah. ,non_english; ,False
4,Sleepy time for Ashley!  zzzzzzzZZzzzzzZzZzzzzzzzzZZZzzzzzz,non_english; ,False
4,just ordered a cute purple mini dell notebook! ,non_english; ,False
0,@yagazieemezi me to ,non_english; ,False
4,@cracklingmind I like that song toooooo! sobrang pampa-hyper no? ,non_english; ,False
4,@gfalcone601 How are you? ,non_english; ,False
4,"@leftwanting hey, did @sarah_marina's song pass already?! I'm listening to NKairplay now! ",non_english; ,False
4,@jordaaaannnn it's like a different version of photoshop ,non_english; ,False
0,@odymon btw I didn't see Superbad. ,non_english; ,False
0,RIP Peaches. ,non_english; ,False
4,yayay WEEKEND!!!! just in time too ,non_english; ,False
0,Detroit just scored.  ,non_english; ,False
0,I MISS HIM SO MUCH YOU KNOW. ,non_english; ,False
0,argh i dont feel well ,non_english; ,False
4,@AMLadlad Thank you! ,non_english; ,False
0,@rachael2389 whywhywhy?! im sorry. ,non_english; ,False
0,@misrule_au So sorry about your cat ,non_english; ,False
4,@iameevents ,non_english; ,False
4,@ashleygreenberg how do you like twitter? ,non_english; ,False
0,@ work.... ,non_english; ,False
0,i don't wanna go out  aaaaaaaaaaaaa i hate teaching a 4-year-old child  boringgg,non_english; ,False
4,@joerogandotnet haha it was funny said hahaha ,non_english; ,False
0,Workkkkkk  come visit,non_english; ,False
4,http://twitpic.com/68fiv - @DonnieWahlberg and @JonathanRKnight ,non_english; ,False
4,@swiffd ur tweets ammuse me  good job lol,non_english; ,False
0,"@OfficialBB BRING BACK THE RED BUTTON FOR GODSAKES, STOP MAKING EXCUSES &quot;CANT AFFORD&quot; &quot;NOT ENOUG MONEY&quot; ",non_english; ,False
0,@DavidAWatson link no worky-work ,non_english; ,False
0,i'm just realizing friends is over ,non_english; ,False
0,studying again ,non_english; ,False
0,@shaundiviney noo it wont let me soooooooooo unfair i logged on at like 6 ,non_english; ,False
4,@teddye3 @lincoln_gu @wonton916 ,non_english; ,False
4,@adri_o thanks! ,non_english; ,False
4,@AnnaAntell am I zoo late? ,non_english; ,False
0,@eoinoneill91 really.........feic ,non_english; ,False
0,ekurjhbfekrsjhsdbfhejsrbfdjherbsf. i want to go home. ,non_english; ,False
4,@MrPeterAndre keep ya chin up  x,non_english; ,False
0,@meforevalv not even 100?!?!?! I'm jealous ,non_english; ,False
4,Visite meu Orkut (: http://bit.ly/hmUnR  Chegando aos 35 mil scrap ,non_english; ,False
4,@YoGabbaGabbaa yeah me too LOL  ,non_english; ,False
0,says BALOT PLEASE!  http://plurk.com/p/xbt4k,non_english; ,False
4,im going for a hair do.. ,non_english; ,False
4,Lover thunder storms ,non_english; ,False
0,wowwww im STILL awake ,non_english; ,False
0,says i'm tired.  http://plurk.com/p/114159,non_english; ,False
4,just woke up! ,non_english; ,False
4,@icobee Kailangan ko pa sabihin?! I'm so hurt HAHA joke! Oh come on :&gt; Mamaya may scandal ka na rin ha! HAHA Let's go out with Aimee ,non_english; ,False
4,@moodyje2 yay!! have fun ,non_english; ,False
0,prï¿½pare ses exams ,non_english; ,False
4,DONE! Now I can relax ,non_english; ,False
4,FUCK YOU! YOU KNOW WHO U ARE! ,non_english; ,False
4,@stevieness haha! is it working? ,non_english; ,False
0,Dctalk:  it doesn't work http://tinyurl.com/lde5xl,non_english; ,False
0,@zsk Oh no!  Sorry you're still feeling yuck ,non_english; ,False
4,@Hatz94 Ramdom question! do u like apples ,non_english; ,False
4,@lauraEchilds ,non_english; ,False
0,@Grissay kinda i shoulda seen u instead ,non_english; ,False
0,i'm very sad... ,non_english; ,False
0,Headache ,duplicate_text; ,True
0,my tweetdeck doesn't work!! ,non_english; ,False
4,is 19 today ,non_english; ,False
4,Goooooooodnaaaaayt sa lahat  http://plurk.com/p/11e8g0,non_english; ,False
4,"@VENKSH shame on you, why do you scare kids? (kid = @dharshana )  *kidding!",non_english; ,False
4,@zenaidebeckham hollar! Nice work ,non_english; ,False
0,@MelBell95  who un-followed you bb?,non_english; ,False
4,Making a twit ,non_english; ,False
0,@steph_davies She's so stupid.  Hahahahah.,non_english; ,False
0,Doin homework ,non_english; ,False
0,Someone differ ent givin talk  karen,non_english; ,False
0,i miss george carlin ,non_english; ,False
0,"@metaMeerkat  Yes, seems to be down  ....",non_english; ,False
4,@Phooto sounds like a good guide book Phoooooto ,non_english; ,False
4,@PinksTwitFans Thank you twittfriend ,non_english; ,False
0,class all dayyyyyyyy!  ,non_english; ,False
4,lucky i'll be meeting Belinda! ,non_english; ,False
4,Let the 4-day weekend begin! ,non_english; ,False
0,huaaaaa confuseddd :'( aaa stresss ,non_english; ,False
0,I miss my lil sister ,non_english; ,False
4,@aniidayy AGREED ,non_english; ,False
4,@saywhatttt ,non_english; ,False
4,says go up karma points  http://plurk.com/p/z7ulj,non_english; ,False
4,@superkirsty me too ,non_english; ,False
0,"@vladmech eeeeeeeeeeeeeeeeeeeeee!!!!! I'm a bit excited. Tho, I just get to look at it for the next 6 1/2 hrs ",non_english; ,False
0,doesnt understand twitter ,duplicate_text; non_english; ,False
0,says nde alm kung san lulugar (lonely) (cry)  (tears) http://plurk.com/p/125psy,non_english; ,False
0,@Teddi14 I'll miss him too ,non_english; ,False
0,@kealan10 your blog doesn't like me either   But I like it and am glad you're writing again.,non_english; ,False
4,OOHH I WANNA DANCE WITH SOMeBODYY !! ,non_english; ,False
0,to com friiooooo  eu preciso irr nesse intercollege  UHAUHAUH,non_english; ,False
0,@jonnamannion I needs my hursss cut ,non_english; ,False
0,"Michael im sorry! i love you, plz  dont tell me you dont love me ",non_english; ,False
4,is about havin' a dry savanna drink in kreuzberg !!! yeeehaaa !!! cidre rules !!! ,non_english; ,False
4,"@sassisassi saaassii, get well soon dear ",non_english; ,False
0,My ihome broke! ,non_english; ,False
0,feeling like DS today.  ,non_english; ,False
4,Hello everyone! ,duplicate_text; non_english; ,False
0,@badpocahantas Lol ur crazy ...u miss me??? u and domo dont love me no more.... ,non_english; ,False
0,A very sad day ,non_english; ,False
4,@ComcastBonnie Will do ,non_english; ,False
0,isPlayer Has Died! Sorry ,duplicate_text; ,True
0," cant afford to see Angels and Demons, so i watched it for free: http://tr.im/lvBu",duplicate_text; ,True
4,"FRANCIS, CHRIS, DANIEL, BEAU, JON, DAIN, IS THE BESTEST EVER! ",non_english; ,False
0,long long rainy day please go away ,non_english; ,False
0,Flu day-3... Not good ,non_english; ,False
4,@jadoon88 Thankyou ,non_english; ,False
0,noooooooo movie6.net is being shut down due to 'legal issues'. ,non_english; ,False
0,@lunacyxx Oops I meant to do a sad face: ,non_english; ,False
0, i don't wanna be taken  (((((((((,non_english; ,False
4,@kool_aid LMAO!  woo-hoo! You made me laugh big time today! Thanks. ,non_english; ,False
4,good morninnnggg everyone! ,non_english; ,False
0,@jiggalee obv i can't call you bc i lost my phone ,non_english; ,False
0,isPlayer Has Died! Sorry ,duplicate_text; ,True
0,@itsLissa ugh @ Ding Dongs. ,non_english; ,False
0,doesn't want to be awake ,non_english; ,False
4,Up in 3d ,non_english; ,False
4,@agardina  i hear ya,non_english; ,False
4,http://twitpic.com/4yr4e - after facu ,non_english; ,False
4,@Jessimikaaaa I just had some hungry jacks!     And a pavlova ,non_english; ,False
4,@AndreaGreer1 SOOO good seeing you ,non_english; ,False
4,Also doing  backup via Mozy! ,non_english; ,False
4,Tikko dzirdÄju Radio Laga versiju BÄ«tlu Come Together ,non_english; ,False
4,"@Shongz  cool, you'll look good ",non_english; ,False
0,"@k4ge good, eurovision ",non_english; ,False
0,"@patmalaya pat, why are you at asian? ",non_english; ,False
0,"beezzbeez, want to sleep but just can't do it ",non_english; ,False
4,Good morning ,duplicate_text; ,True
0,is upset ,non_english; ,False
4,@rihk I do that! ,non_english; ,False
0,Not Read Im Karus ,non_english; ,False
0,"@cr09manutd, i just got home from the gym. i feel like i'm just getting more and more fat ",non_english; ,False
4,@alyluvsjb ok i will.  lu2,non_english; ,False
4,"@mcvane ok, i feel stupid  i see it, thanks!",non_english; ,False
0,@danni0908 if you help me do my room ,non_english; ,False
0,"mad starving, bapak penjual bacang cepatlah datang ",non_english; ,False
4,#phpkonferenca GirlBook app  - project management tool za dekleta  - AnÅ¾e car! )),non_english; ,False
0,FRIENDS ACABOU ,non_english; ,False
0,:/ exam weeek at school  (N) not gudd ,non_english; ,False
4,Háº§m ÄÆ°á»?ng bá» hiá»n Äáº¡i nháº¥t Viá»t Nam thÃ nh âbá» bÆ¡iâ?: trá»?i giÃºp chá» ra cÃ¡i cáº§n sá»­a ngay tá»« ngÃ y Äáº§u  http://tinyurl.com/nu3qwx,non_english; ,False
4,is off to bed. Ready for his 2 days off.    G'night!  zzzzzzzzzzzzzzzzzzzzzzzzzzzz,non_english; ,False
4,http://twitpic.com/6i0ic - isn't it just funny luv u patrick my man! ,non_english; ,False
0,@inkedveggie yeah me to ,non_english; ,False
0,im not going to eat pizza ,non_english; ,False
0,I miss him! Shiiiin!  http://bit.ly/Vrsf9  I miss your hugs! XD,non_english; ,False
4,@jadmalala: thanks.  short na nga patience ko tapos dadagdag pa yung summer heat. just wanted to explode kanina.,non_english; ,False
4,@gulpanag Biker Dudette to be precise ,non_english; ,False
4,just pwnd mah dad @ pool. ,non_english; ,False
4,"@ChrisTFT you dont need to get bigger, you look good skinny. ",non_english; ,False
0,@faniellestunna can YOU not leave me!  prease?!?,non_english; ,False
4,Hello everyone! ,duplicate_text; non_english; ,False
0,@aidadoll  damn I miss u already ,non_english; ,False
4,muwahahahaha. esp for hashtagging.  -fadedmoon,non_english; ,False
4,On joue a &quot;Scene it&quot; ,non_english; ,False
0,@marue720 nope  i'm sooo curious....,non_english; ,False
0,@aayatali awwww  btwwww which car?,non_english; ,False
0,Good morning. day 2 #quitsmoking...an kai gia #fail to vlepo pali ,non_english; ,False
4,i'm hungry for some noodles. ,non_english; ,False
0,My legs won't let me go to sleep ,non_english; ,False
4,@Rob_Rep i like that ,non_english; ,False
4,Avril Lavigne - Keep Holding On....love it   â« http://blip.fm/~89psj,non_english; ,False
4,By @testing1985 #-mazda ,non_english; ,False
4,"@aiiaznsk8er first L prime, so I'm pretty jazzed ",non_english; ,False
0,i got ENGLISH REMEDIAL. i just can't believe it ,non_english; ,False
4,@maureenjohnson maureen on screen ,non_english; ,False
4,@jessicastrust no problem ,non_english; ,False
4,is going to go shopping ,non_english; ,False
0,is sad.  http://plurk.com/p/yugib,non_english; ,False
0,i have a bloody nose ,non_english; ,False
4,@doombox awesome.  Taho was my breakfast today lmao. ),non_english; ,False
4,Enjoying my yummy dinner ,non_english; ,False
0,missing someone ,non_english; ,False
0,Doesn't see  daniel on stage     i'm sitting near some wierd girl D:,non_english; ,False
0,@kellytpj  blehhhhhhhh! i wanna go home. today no good.,non_english; ,False
0,@FaketragedyCom i know ,non_english; ,False
0,@ihavepurplez awhhh dang it  ,non_english; ,False
0,working on a sunday ,non_english; ,False
0,@Victoria_LPF  Wahahahah  don't make me jealous!,non_english; ,False
0,my gauges fucking reek. ,non_english; ,False
4,mmm.. time for some Frosted Flakes ,non_english; ,False
4,2 words. PARANOID~JONAS ,non_english; ,False
4,Dena you may use my laptop now ,non_english; ,False
4,@skiNZ_Official woohooooooooooo!! is stalking ya! ,non_english; ,False
0,Damn it I'm awake!!!  x,non_english; ,False
0,@markroxny yes. ,non_english; ,False
0,too lazy to do anything!  http://plurk.com/p/uayv8,non_english; ,False
0,still at workkkk ,non_english; ,False
0,doing nothing. ,non_english; ,False
4,@anchubou ,non_english; ,False
4,@carolynaaa28  so far so good ,non_english; ,False
0,@GumboFF2DEF yup..  sadly...,non_english; ,False
0,"@vendeesign AyÃ©, le geek est officielement une cible marketing ",non_english; ,False
0,Tweetie no subiÃ³ a Twitter el favorito con el link para ver #laredinnova  Â¿Alquien lo tiene?,non_english; ,False
4,going to sleep now! goodnight! ,non_english; ,False
4,@Enjolistar i wanna get a sneak-peek ; ) send to dwaynerdugger@gmail.com ,non_english; ,False
4,HAPPY MOTHERS' DAY! ,non_english; ,False
0,"@ChelsRed Ah, bugger  #FULLSERVICE",non_english; ,False
0,"@suzylake Awe, your baby is in kindergarten. ",non_english; ,False
4,@Dannymcfly : Danny. PLEASE PLEASE PLEASE say 'Ich liebe Deutschland'. pleeeeease.  xx,non_english; ,False
0, say some tehilim.,non_english; ,False
4,@yllan time to move on. ,non_english; ,False
0,why are goodbyes so sad?  ,non_english; ,False
0,nÃ³i  http://go.nguoihoian.com/a282 bÃ¬nh yÃªn sau giÃ´ng bÃ£o:  sao ngÆ°á»?i ta cÃ³ thá» giáº£i quyáº¿t váº¥n Äá»? hay Äáº¿n váº­y  tháº­t khÃ¢m phá»¥c!,non_english; ,False
4,Mause art?k elimin uzant?s? gibi oldu  Ameliyatla ald?r?cam bu gidi?le ) http://ff.im/38Q95,non_english; ,False
4,At texas de brazil! Eating picanha ,non_english; ,False
0,"Will not get her drank on tonighttttttttt, must let my liverrrrrr restttttt YO! ",non_english; ,False
0,Being siick. Graad on Mondaay.       ,non_english; ,False
4,i really dislike helena ,non_english; ,False
4,@hsabomilner gd mrnng... ah  ur mood will changa!  ,non_english; ,False
0,@tashasiian awwwwh  get better soon xxx,non_english; ,False
0,@VerticalAssault WHAT HAPPENED?! ,non_english; ,False
4,Almost Off Work... Yeeeeeeesssssss ,non_english; ,False
4,@iwilseeuinh3ll well im glad ur doin ok.  Im gonna go ta sleep right now so good nite! get sum rest darling! xoxo,non_english; ,False
4,"@Thariamon  take it easy, sana sana ",non_english; ,False
4,"dinner, movie, drinks at meagans tonight ",non_english; ,False
4,FRESH ! ,non_english; ,False
4,"@twittera nooo,!! no supeee.. por eso pregunto!! ",non_english; ,False
4,@ijustine .... I did not missed a single episode... ,non_english; ,False
4,Good night y'all ,non_english; ,False
4,@zubi97 nafisa  teehee we have prom,non_english; ,False
0,I got in my first fender bender.  ,non_english; ,False
0,@loveablevillain  oh no!!! ,non_english; ,False
0,"bleh, icky mood ",non_english; ,False
0,Does software development means meeting and meeting? ,non_english; ,False
0,i need mah girls ,non_english; ,False
0,cramps r no fun. pure pain ,non_english; ,False
4,@lilmizsunshyne get your herr did ,non_english; ,False
0,aaah. I just killed the hugest spider I've ever seen. Gross gross gross gross gross aaaaaah I hate spiders!!!!!!   ,non_english; ,False
0,my nosee may be broken ,non_english; ,False
0,At work ,non_english; ,False
4,@langfordperry ok.. let's focus! ,non_english; ,False
4,@wowie sure sunday is ok ,non_english; ,False
4,@saturngod Upload ???????????????? ,non_english; ,False
0,@CDub716 damn babe 3 days away.  lol.,non_english; ,False
4,@mitchelmusso June 2nd ,non_english; ,False
4,ave a good day too! ,non_english; ,False
0,isPlayer Has Died! Sorry ,duplicate_text; ,True
4,Snuggling up with my angel darling baby ,non_english; ,False
4,@gavinmikhail find you  yay!,non_english; ,False
0,"hic, t? l?i s?p h?t API call rï¿½i  ?ï¿½nh ph?i t?t cï¿½i nï¿½y ?i 1 lï¿½c!",non_english; ,False
0,@SandyLovesMiley hahaha HOMEWORK HOMEWORK AND MORE HOMEWORK  haha and u?,non_english; ,False
4,eating banana like a monkey!! ,non_english; ,False
4,eating din din ,non_english; ,False
0,@Sneezure ,non_english; ,False
4,@kimburry yes. lol and yes I diiiiid. yesterday. ,non_english; ,False
0,@OfficialBabyV you dont  unfortunatly,non_english; ,False
4,@vadjutka Cute  I sent you A DM.,non_english; ,False
4,making a website ,non_english; ,False
4,Camera shopping today ,non_english; ,False
4,"Acabando agora o download do disco do Depeche Mode, &quot;Sounds Of The Universe&quot;. O single &quot;Wrong&quot; jï¿½ tem atï¿½ clipe e ï¿½ foda demais! ",non_english; ,False
0,@stephhie101 i know !  i'm soo sad ,non_english; ,False
0,"@HowsJosh haha, lookin' good then! ",non_english; ,False
4,"@Shatohin Ð?-Ð°-Ð°, Ð¸Ð·Ð¸Ð½Ð¸ÑÐµ, Ñ? Ð¸Ð· Ð¢Ð°Ñ? Ð¿Ð¾ Ð»ÑÐ±Ð¸Ð¼Ð¾Ð¼Ñ ÐÐ¸ÑÐµÑÑ Ñ?ÐºÑÑÐ°Ñ - ÑÐµÐ°Ð³Ð¸ÑÑÑ Ð½Ð° Ð·Ð½Ð°ÐºÐ¾Ð¼ÑÐµ Ñ?Ð»Ð¾Ð²Ð° ",non_english; ,False
4,Got a tattoo! ,non_english; ,False
0,I gotta say.. Today has been a  day.,non_english; ,False
4,"@lisa24270 Like your new hair do, I saw it on FB ",non_english; ,False
0,@Hollywoodmaids I miss you soooo much!  I neeeddd to see you! Soon! ASAP! Muah!,non_english; ,False
4,"Ok, no more complaints, Jasmine! Love life ",non_english; ,False
0,"Best xkcd ever! http://xkcd.com/599/ , but I'm â (  )",non_english; ,False
0,@Tiashaa I'll miss you  ,non_english; ,False
0,At Aladdin.. Very crowded today .. No fun ,non_english; ,False
4,Happy National Vegetarian Week!! ,non_english; ,False
4,Sixty-two degrees! Feels great outside. How did we get so lucky? ,non_english; ,False
0,im ragin i cant find lydia ,non_english; ,False
0,Lame more briefings ,non_english; ,False
0,"@riangrageda I don't know  wala maghatid and sundo sa akin, tapos I have kumon rin (",non_english; ,False
0,ExtraÃ±andoteeeee ,non_english; ,False
4,@mileycyrus   I Love you ,non_english; ,False
4,@assenavdew  Sweet dreams ,non_english; ,False
4,says goodmorning all!!  http://plurk.com/p/t0qu6,non_english; ,False
0,"@arneybundchen sausage roll,kani maki. CAN'T WAIT. I'm starving. You got yours ",non_english; ,False
0,@PinkyNKOTB Me too..... ,non_english; ,False
4,Working on Vanessa Hudgens' art work. ,non_english; ,False
0,i look like raw meat. pink ,non_english; ,False
0,@sulameyer you suck ,non_english; ,False
0,I cant sleep ,non_english; ,False
0,@AMissle  you okay?,non_english; ,False
0,@visitatlantaga I've never had fried green tomatoes ,non_english; ,False
0,Don't have internet for 11 days damn ,non_english; ,False
4,@CynthiaBuroughs Yay! DJ Cynthia! ,non_english; ,False
0,@jennypoynter i miss you too ,non_english; ,False
4,ao som de Madeleine Peyroux. pq eu to super light hj haha ,non_english; ,False
4,@SpiritSurfer  Hello again ,non_english; ,False
4,"Ð² ÐÐ°Ñ?Ð¾Ð²iÐ¹ Ð»Ñ?Ð¼Ð¿i ÑÐ¾Ð½Ð¾Ð²Ð¾Ð¹ Ð¼ÑÐ·ÑÐºÐ¾Ð¹ - radiohead, ÐÐ, Hendrix. ÑÐµÑÑÐ¾Ð²Ñ?ÐºÐ¸ Ð¿ÑÐ¸Ñ?ÑÐ½Ð¾. Ð¿Ð¾Ð½Ð°Ð·Ð°ÐºÐ°Ð·ÑÐ²Ð°Ð»Ð¸ Ð²ÐºÑÑ?Ð½Ñ?ÑÐ¸Ð½Ñ ",non_english; ,False
4,im putting skins on my ipod ,non_english; ,False
4,@kristinaceavich place = plane ,non_english; ,False
4,@generalred ê°?ì¬í©ëë¤. ë²ì?¨ ì¤ì¹íì´ì. í´ë³´ê³  ë¶ì¡±íë©´ ì ì©gpsë¥¼ êµ¬ìíë ¤êµ¬ì ,non_english; ,False
4,@Jaamie_o haha why thanks ,non_english; ,False
0,feeling down ,non_english; ,False
0,get well soon mom  i'm sick too sadly!,non_english; ,False
4,@bryannwhitee Yay! haha   ,non_english; ,False
4,guin bk to penang later ,non_english; ,False
4,@nadiaparry glad it went well for u ,non_english; ,False
0,@BBManik naw  are you!?,non_english; ,False
4,@sefaresh2 Ú©Ù Ú©Ø±ÙØ¨Û Ø¬ÙØ§Ø¨âØ´ Ø±Ù Ø¯Ø§Ø¯ ,non_english; ,False
0,Can someone give me 50p on paypal plzzzzzzz i beg ,non_english; ,False
4,Awake. Last night was great! And the weekend isn't over yet! ,non_english; ,False
4,@REGYATES madina lake - never take us alive ,non_english; ,False
4,@reemerband oooh i wanna see Max's new do!!  xx,non_english; ,False
0,@CitizenSwift oh  Energy drink?,non_english; ,False
4,@CoCo_la_Bella thanx... Ooo dnt 4get u doing my hair 2day ,non_english; ,False
0,efffffffffff I need a pool    ,non_english; ,False
0,@fibreoptic *hug*  (...tats?),non_english; ,False
4,@cmar82 u best get some free drinks mama!!!!!!! N drink some 4 me puta!!!! ,non_english; ,False
4,'Time Is An Illusion and All Time Is Now'... &quot;You ready to have some fun?  I thought so...&quot; Read Ariel's full article @ http://tr.im/jFd7,duplicate_text; ,True
4,Bowling again ,non_english; ,False
0,@IRe_laNd ,non_english; ,False
0,just studing again... ,non_english; ,False
4,@goldenspines Twitter often does weird stuff.  ,non_english; ,False
4,@PrincessSuperC Hope u have fun ,non_english; ,False
4,@sitartattoo i'll give you a phone later about it ,non_english; ,False
0,"@sandb08, ya, well, i miss you.  ~*MRS. TAYLOR*~",non_english; ,False
4,@lauryglory i'll send a bavarian guy a picture from me ,non_english; ,False
0,I feel like ima puke that titos up ,non_english; ,False
4,I'm at deny's ,non_english; ,False
0,I'm feeling so alone.  ,non_english; ,False
4,Good might boo ,non_english; ,False
0,I miss my Allen ,non_english; ,False
4,'Time Is An Illusion and All Time Is Now'... &quot;You ready to have some fun?  I thought so...&quot; Read Ariel's full article @ http://tr.im/jFd7,duplicate_text; ,True
0,I'm so freaking sleepy. ,non_english; ,False
4,@tiagoncalves me too... fiz agr pausa antes de almoÃ§o... ,non_english; ,False
4,"@celticlass08 yep, i do love me some nappin. ",non_english; ,False
0,"Germany, no sun ",non_english; ,False
0,@natalietejeda sad punky sad    thanks for stopping by,non_english; ,False
4,Of course it made me laugh. ,non_english; ,False
0,i just dont wanna miss you tonight . ,non_english; ,False
4,@liquidizer happy b day to u ,non_english; ,False
4,I'm working on Susan's site ,non_english; ,False
4,Working...Billing System ,non_english; ,False
4,i aint trynna fck ya man. errbody kno he my numba One fan ,non_english; ,False
4,"@lilaznangel16 no crying, y'know I always miss ya K ",non_english; ,False
0,grad rehearsals make me sleepy ,non_english; ,False
4,@hellobejoy you make me smile ,non_english; ,False
0,@kevlite mann imma b runnin around all damn day...I just wana sleep ,non_english; ,False
4,@H3Dakota Thanks!! ,non_english; ,False
0,oh shit ,non_english; ,False
0,I miss my straightener. ,non_english; ,False
4,says good afternoon.  http://plurk.com/p/z1huc,non_english; ,False
0,@sofiiwwcxmc :| wish i were ,non_english; ,False
4,@limeice you're quite kicked about it ,non_english; ,False
4,@hawk_spirit kya cg aayi yaar???? mere toh aaya hi nahi abhi cg card mere bband hat gaya tha wapas chalu kara liya  ,non_english; ,False
0,"@sarawearsprada , geeeeeeeeeeeeeeez why must you curse so much  &lt;/3",non_english; ,False
0,@geoffmartinez  you guys have some fun for me...... ,non_english; ,False
4,Good night tonight. Very good! ,non_english; ,False
0,"@greggarbo yeah, you forgot me  have fun!",non_english; ,False
0,belle is dead  ,non_english; ,False
4,In Beverly Hills enjoying an expensive dinner. ,non_english; ,False
0,@restrepita Hospital? What?! ,non_english; ,False
0,@Alpher_de #Monopolisten halt ,non_english; ,False
4,@ellaeske thank you ,non_english; ,False
4,I'M AWESOME ALL BY MYSELF LOL ,non_english; ,False
0,SIMS 3  SIMS 3  SIMS 3  I NEED IT NOOWW  hahaa,non_english; ,False
4,@jamiemcflyx Thanks ,non_english; ,False
4,@Levinaa_x  TRUST U TO PICK THE DEVIL LOL!!! AHHH SATAN!! RUN!!! ,non_english; ,False
4,"@LeoJaime adorei ele congelando  Vc viu os Beatles? http://bit.ly/4LQNS   George is saying blah, blah, blah",non_english; ,False
0,Just realised i didnt pack pajamas  #fb,non_english; ,False
0,@joebel huy magbonding tayo this week! bilang na lang araw mo sa absi ,non_english; ,False
4,@kateyy__ logging on now ,non_english; ,False
4,i know..  ,non_english; ,False
0,@shane1watson ew gross. i don't like winter ,non_english; ,False
0,@Joanne_Luvli keep me posted please.. ,non_english; ,False
4,"McFly chega amanhÃ£!  e eu vou ficar em casa, chorando, comendo chocolate e ouvindo The Last Song. :/",non_english; ,False
4,rents are visiting moi... ,non_english; ,False
4,@Cebu777 aww cool! hahaha Sheepz. baka magka identity crisis aso mo ah! hahaha ,non_english; ,False
4,yay another hot day ,non_english; ,False
4,I like Techno!!! ,non_english; ,False
0,@Halo3prf: So.. you dont trust me? ,non_english; ,False
4,@Mishadoodle Haha wow im reading ,non_english; ,False
0,dissapointed ,non_english; ,False
4,@jimmyfallon makes me  ... http://bit.ly/ydfdm,non_english; ,False
4,"WOW GOOD FUN , GOOD NIGHT ALL ",non_english; ,False
0,UGHhhhhhhhhhhhhhhhhh ,non_english; ,False
4,@it_aint_kansas LOL! Sorry... ,non_english; ,False
4,holiday soooooooooon!   ,non_english; ,False
0,"Is it me, or did facebook servers just die?  ",non_english; ,False
4,@funkastiq Take your time. Aliah too. ,non_english; ,False
4,Aaaaaaaaaaaaaaaaaaaaaaaaaaaaaa exams. ,non_english; ,False
0,@badtwin I LOVE YOU TOO :* ,non_english; ,False
0,pusiing ,non_english; ,False
0,summer &lt;3  i am gonna miss bdrm..i hate SbS,non_english; ,False
0,"@heymckate I did I did!  Oh wait, no I didn't. ",non_english; ,False
4,"@taufikn bhihihih i've lost 8 followers this morning, tapi itu mungkin karena gw nya aja dinilai boring  ",non_english; ,False
4,quizno's ,non_english; ,False
0,ewwwwwwwwww! tommorows monday! ,non_english; ,False
0,@cicijewel no sadly I didn't get it ,non_english; ,False
0,I had an awful dream ,non_english; ,False
0,don't feel good ,non_english; ,False
0,aww i feel well sorry for teri ,non_english; ,False
4,@rovr138 ... THANKS ,non_english; ,False
0,Working today again... ,non_english; ,False
4,@padlik Ð?Ð°ÑÐ°Ð»ÑÐ½Ð¸Ðº Ð­Ñ?ÐºÑÐ¾Ñ?ÑÐ¸Ð½Ð³Ð°  eskhosting.com,non_english; ,False
4,Shoot today  soooo early!,non_english; ,False
4,"@mkaigwa asante sana.I'm good,almost back to fantastic. ",non_english; ,False
0,"jel tko za kavu, piwu or smtng? dosadio mi je The Killers weekend na MTV ",non_english; ,False
4,@meechellee  it's midday ...how are u ,non_english; ,False
4,@ddlovato can i ask u question? ,non_english; ,False
4,@shalinique Helloooo back.  ,non_english; ,False
0,Going to workies ,non_english; ,False
4,@fashionesedaily @irlita @yunita_dee @Velasss @missyita @didyna @itsmetika terimakasih yah.. amin ,non_english; ,False
0,@Senfaye still- any illness isnt fun. lol trust me  i just got over having mono ,non_english; ,False
4,@QueenBea33 why were u mad?? and ooh i wanna see ur hair ,non_english; ,False
4,http://twitpic.com/5dhud - And again ,non_english; ,False
0,i'm feeling so sad  why McFly? hahaha,non_english; ,False
4,I love you jackie ,non_english; ,False
0,Back=Ouch. ,non_english; ,False
0,cand vroiam sa ies si eu cu bicicleta a inceput sa ploua... ,non_english; ,False
0,missin my people ,non_english; ,False
4,says BINWEI IS RETARDED!  http://plurk.com/p/ox5l6,non_english; ,False
0,@jonk me too  dying for it.,non_english; ,False
0,Cannot sleep. ,non_english; ,False
4,@iamluvnjordan yeah... just saying....  I said stop!!!!!  ,non_english; ,False
4,@MDBenson Hello again. ,non_english; ,False
0,@TherealGage ummm i didnt get a email ,non_english; ,False
4,"@ktcronier hahaha thanks, Katie! ",non_english; ,False
0,not again ,non_english; ,False
0,My ipod broke...no more music...  ,non_english; ,False
0,@anggiemoy  Clean Me!,non_english; ,False
4,@danielr23 how is your day going so far? ,non_english; ,False
4,Morning peoplez!! ,non_english; ,False
0,@konstantlykyle -i hate being broke. ,non_english; ,False
4,just got home. i had a greatt dayy  i got my nails did yoo!,non_english; ,False
0,i miss youuuuuuuuuuu  ,non_english; ,False
0,@riellaelise OH MY FREAKING GOD I HATE YOU ,non_english; ,False
4,packing  :-|  :-/ :-?,non_english; ,False
0,Def not feeling 2 good 2day ,non_english; ,False
0,DAM!!!!!!!! All I wanna do izZ chat LOL no1 izZ msging  iz it cuz I dnt match....  http://tinyurl.com/m6sdbc,non_english; ,False
0,Doesn't feel like she slept at all last night ,non_english; ,False
0,So tired   &lt;bee&gt;,non_english; ,False
4,http://twitpic.com/6alpb - Anna again. ,non_english; ,False
4,@Mac_User09 guten morgen! ,non_english; ,False
4,Back to miami today!! ,non_english; ,False
0,http://twitpic.com/6quwx - good memories ,non_english; ,False
4,@alikababa I'm in my thousands ,non_english; ,False
4,har laddat med chips och godis ,non_english; ,False
4,love my new skinny jeans ,non_english; ,False
0,@nicksantino i wish i was in Arizona... ,non_english; ,False
4,Adge's debut ,non_english; ,False
0,"Looks like fun, but not enough room for me  http://post.ly/iGA",non_english; ,False
4,@meriel awww ull get it soon enough ,non_english; ,False
0,@doughbee LMAO! fun times  Le-et it groooooooow. Come over heeeere And help me trim my eeeenddds.,non_english; ,False
4,SOOOO HAPPY DIVERSITY WON!!!!! ,non_english; ,False
4,@wlauw  yea dongggg,non_english; ,False
4,"[_], Beautiful Katamary, Rock Band, Bully Scolarship-Edition. YEAH ! Espero que le guste su regalo de cumpleaï¿½os ",non_english; ,False
4,drive ins are fun...just saying. ,non_english; ,False
0,is getting her hair dieddddddd. i miss my baby ,non_english; ,False
4,@mohamadrusydi thanks beb ,non_english; ,False
0,Nope... didn't make it ,non_english; ,False
0,@ work so wonderful! ,non_english; ,False
4,early zzzzzzzzzzzzzzz..............im sooo inspired  in life you cant let the small stuff get to ya!!,non_english; ,False
0,I can not sleeeeeep ,non_english; ,False
0,@emkins i KNOW! ,non_english; ,False
0,"@ishaNikki Damnnn siikkk, I want it now ",non_english; ,False
4,@dee_princesse heeeeeeeeeeeeeee?? r u going married with him?? ,non_english; ,False
0,@spr33 WHERES MY PRIZE!  ahah,non_english; ,False
0,@misterradd i havent seen you in forever it feels like ,non_english; ,False
0,i cant sleep ,non_english; ,False
4,@joelandluke http://twitpic.com/3jvim - I like this picture. ,non_english; ,False
4,actually loves nesquik cereal ,non_english; ,False
0,is not okay ,non_english; ,False
0,Aww! Watching I am Sam. It's soo good yet so sad! ,non_english; ,False
4,HAPPY MOTHERS DAY ,non_english; ,False
4,@lennyashbury Lennnyy I miss you. ,non_english; ,False
0,ew ew ew ew ew ew sick ,non_english; ,False
0,Shadow ran away...  ,non_english; ,False
0,"at mr . v's for dinner , and eddie isnt working tonite ",non_english; ,False
4,#shaunjumpnow #shaunjumpnow #shaunjumpnow #shaunjumpnow  #shaunjumpnow #shaunjumpnow #shaunjumpnow #shaunjumpnow #shaunjumpnow ,non_english; ,False
4,@ykesha2001  Good deal!,non_english; ,False
0, everyones drunk but me,non_english; ,False
0,Is missing My Addy ,non_english; ,False
0,@MystaKool I want to sleep too ,non_english; ,False
4,@kaytee8 kathy!  buti ka pa  enjoy the holidays! ,non_english; ,False
4,http://twitpic.com/5oie6 - at universal ,non_english; ,False
4,@murnahan yeah but that was bad grammar ,non_english; ,False
0,UP isnt im 3-D.. ,non_english; ,False
0,"is still drunk, oooooo i feel like shit 4 hours of sleep ",non_english; ,False
4,@banilla_face ill try bwahhahahahah lol ,non_english; ,False
0,at work looking forward to going home and sleeping in 7 hours ,non_english; ,False
0,GRADUATION TOADY!!!!!! ,non_english; ,False
4,Mtv movie awarddddsssss ,non_english; ,False
0,@peterfacinelli haven't seen it yet ,non_english; ,False
4,@doqtu84 anh c? thï¿½m ?i  bao gi? trï¿½i ??t h?t gï¿½i mï¿½ anh l?i bi?n thï¿½nh gï¿½i thï¿½ lï¿½c ??y tï¿½i m?i xem xï¿½t ???c ,non_english; ,False
4,@fabianacruz hahahaahahahahahahah!!!! is really!!! yeah joe with chocolate!!!!  â¥,non_english; ,False
4,@eafloe yeeeeah ,non_english; ,False
0,i never learn ,non_english; ,False
4,is at Camden Rocks ,non_english; ,False
0,"@jujukoo You are, and idiot. ",non_english; ,False
4,@rob_may OMG!!  you are gonna shit your pants!  it's AMAZING!  i LOVED it!  ,non_english; ,False
0,isPlayer Has Died! Sorry ,duplicate_text; ,True
0,got so many exams ahead. pphhiiuuuh! ,non_english; ,False
4,Sweet sweet dreams ,non_english; ,False
0,Oww. My eye stings. ,non_english; ,False
0,@mememegann yeah ,non_english; ,False
0,capeeeeeeeeeee ,non_english; ,False
4,@Abongachong Standard placebo tunning  ha,non_english; ,False
4,watching NCIS ,non_english; ,False
4,HAPPY MOTHERS DAY! ,non_english; ,False
4,@tommcfly Norwaaaay ,non_english; ,False
0,#squarespace   please.,non_english; ,False
0,@GeraldBarroga monday ahahahahha is the day I got hired ,non_english; ,False
0,@katieparla ha! i never have time when i'm here ,non_english; ,False
0,cant find my eurotrip dvd   ,non_english; ,False
4,taking it wayyy back  http://tinyurl.com/5rgjup,non_english; ,False
4,"http://bit.ly/MSqGg  ~okay now i'm asleep @versaamy_x  haha, merci ",non_english; ,False
4,chillin! ,non_english; ,False
0,&lt;3asb dengg @jamiecamille mmm... We said we wernt gna CRY!  we balled!!,non_english; ,False
0,"bad cough,uhuk uhuk ",non_english; ,False
4,"@DiannaRiot hahaha, i wanna say it, but i won't!  ; (;  -&gt;boysss&lt;3",non_english; ,False
4,"@Ben_Hall I don't have to say don't drive unless you are sure you are sober, do I? ",non_english; ,False
4,"@spumante hahaha! Yes, I do ",non_english; ,False
4,"new week , new luck ",non_english; ,False
4,@sanazj Thanks! ,non_english; ,False
0,@YankeeGirl20 no fair  some people r just mean,non_english; ,False
4,"@mariah_ana Heya, girl  Whatcha up too?",non_english; ,False
0,My E71 just went into &quot;Brick mode&quot;. ,non_english; ,False
4,@takepon_jp ,non_english; ,False
4,eating chickenburger ,non_english; ,False
0,last Holi-day ,non_english; ,False
0,Not feeling too well ,non_english; ,False
0,Oookkk..I have a baaaaaaaaaaaaaaaaaaaaaaaaaad hangover..and I dont remember NONE of the things i wrote on here last night  sad times,non_english; ,False
0,Lost her voice ,non_english; ,False
4,@peruvianchik do u also got shane's or dana's page? ,non_english; ,False
0,Weekend at home. Bye everyone. ,non_english; ,False
0,@musicholic1997 lumayan sih. Agk lelet.   http://myloc.me/4Pbr,non_english; ,False
0,Hey @donnieklang i dnt think he will say happy bday to me   (donnieklang live &gt; http://ustre.am/3ihw),non_english; ,False
0,@juli_bean too hot ,non_english; ,False
4,@monksjungle Hey do u remember me? ,non_english; ,False
4,I'm preparing to an awesome weekend ,non_english; ,False
0,i hate being so lazy ,non_english; ,False
4,@saratea Very nice! ,non_english; ,False
0,i seem to have lost my bank statement. ,non_english; ,False
0,i have a baaaaad headache!!    ,non_english; ,False
0,@xMeganbrittanyx aw I know ill be so sad too ,non_english; ,False
4,@nianaf if you did I'm sure *I'd* feel better ,non_english; ,False
0,no workk! saying goodbye to bestfriend today. ,non_english; ,False
0,@Addiiee I miss Rep ,non_english; ,False
0,NEEDS A NEW MIC! ,non_english; ,False
0,My right leg won't bend. I look like I have a peg leg ,non_english; ,False
4,Found my kitty!!!! ,non_english; ,False
4,time for bed!!! lvl 12 rogue ,non_english; ,False
0,@KahliAzure hahahaha.. it's sad.. he isn't talking at all ,non_english; ,False
0,@franknbeagle Aww... Poor Frank!  I'm so sad for you. I promise it gets better.,non_english; ,False
0,I feel like crap ,non_english; ,False
4,@unique77 You mad at me now?? ,non_english; ,False
0,back to work ,duplicate_text; ,True
4,"@ddlovato Hey Betie, ",non_english; ,False
0,Make it go away... ,non_english; ,False
4,"at sugar, love itt  xx",non_english; ,False
0,"Only like, 2 weeks left till i leave. ",non_english; ,False
4,@Myth60 ,non_english; ,False
4,@iamdiddy good memories though ,non_english; ,False
0,more thunder!!!!!!!!!! ,non_english; ,False
0,Is wondering why Alan doesnt love me ,non_english; ,False
4,Garage sale!! Come over before 12  7023242538,non_english; ,False
4,goin shopping ,non_english; ,False
0,@xdinobot__ missin u immensely ,non_english; ,False
0,@Dida02 sowwy.   too late. I'm like 20 min away,non_english; ,False
4,2 days until Boyzone ,non_english; ,False
0,Noooooooooo kate should have won yasmina was pants  x,non_english; ,False
0,"@losannelise nope, never found one ",non_english; ,False
0,@foreverurgurl well damn! ,non_english; ,False
4,Is out! mwuhahahhaha ,non_english; ,False
4,It are mimi time ,non_english; ,False
4,"BTW, it's Wind Week  http://www.embracewind.com/",non_english; ,False
4,@stephenfry have fun dear. ,non_english; ,False
4,gnna get whati want..he just doesnt know it yet! ,non_english; ,False
4,@ ibvanmat  Mongoose dogs RULE!!! saw you online ,non_english; ,False
4,"joe single ladies dance is just SO funny , ",non_english; ,False
4,i just watched glee online. i like it ,non_english; ,False
0,"@Broooooke_ omg, i hope she is too  x",non_english; ,False
0,iz fucked up.....&lt;sigh&gt; ,non_english; ,False
0,Headache ,duplicate_text; ,True
0,My head huuuuuurts       ,non_english; ,False
0,@stream4341 HAHAHAHAH what la you!!! @JasonLim tak layan me pun ,non_english; ,False
0,@luveysun I only have 220 ,non_english; ,False
4,@Eolo_sama yay! yes please! thanki ,non_english; ,False
4,making pancakes ,non_english; ,False
4,http://twitpic.com/5dft5 - time 4 dessert  my fav,non_english; ,False
0,Got a meeaannn hangover!!  Didn't even make it to work.,non_english; ,False
0,@helloterrio Oh no.    Hope you feel better soon!,non_english; ,False
4,@yolie81 July 20... agggges away kinda... ,non_english; ,False
4,goooooodnight ,non_english; ,False
4,You're a loser. ,non_english; ,False
4,Awesome day! ,non_english; ,False
4,Lï¿½ mï¿½y theo lï¿½n giï¿½ tï¿½i bay kh?p tr?i ,non_english; ,False
0,@NathanKoehler  I miss my resident Aussie.    How U B?,non_english; ,False
0,@LadySprite didnt get to see it my friend was ill ,non_english; ,False
0,.. ohwow whata nother awful day.  gaah,non_english; ,False
0, srsly...,non_english; ,False
0,"@TanujDua haha, i dont think so ... my dad is pestering me to do it ",non_english; ,False
4,seaweed ,non_english; ,False
4,@emilyquinton  have fun on mummy day ,non_english; ,False
0,@spanser998 i hate being alone! ,non_english; ,False
4,@katiehoover its alright..one day i wont ,non_english; ,False
4,My stig shower gel  http://twitpic.com/4e5nf,non_english; ,False
0,I feel so effin' FAT ,non_english; ,False
4,@asdosanjh you'll be signing autographs soon ,non_english; ,False
0,just woke upp .... wanna go back to sleeep ,non_english; ,False
0,i miss my baby in japan ,non_english; ,False
4,@Rourkestar mememememememememememememememememememeem ,non_english; ,False
0,@cdeguz Miss you guys too ,non_english; ,False
4,Jus ate sum delicious breakfast! ,non_english; ,False
4,@EcayUno good stuff! ,non_english; ,False
0,Doot. Not leaving till 3am. ,non_english; ,False
4,ooops typo.. i meant &quot;quiet&quot; haha ,non_english; ,False
4,@kungfuanthrax I am doing great  Kinda tired.,non_english; ,False
4,@gone_as_lala haha so i'll text you my name now? excited ka na? ,non_english; ,False
4,"@vicjustice ooh, i love stories. ",non_english; ,False
0,I already miss my kitty  ,non_english; ,False
4,@fancy_zhang ,non_english; ,False
0,Headache ,duplicate_text; ,True
0,shane dawson made me cry  but in a good way...??,non_english; ,False
4,@Mistyconn awww I &lt;3 you ,non_english; ,False
4,I VOTED FOR YOU 100 TIMES!! haha respondd?? haha love u sooooooo much tay tay  &lt;3,non_english; ,False
4,@BraveLad Take care...Glad to have rendered some enlightenment ,non_english; ,False
0,no training no cry ,non_english; ,False
0,i miss my mommy ,non_english; ,False
0,@lesliestaysup  but I like my voice,non_english; ,False
4,Watching Monsters Vs Aliens ,non_english; ,False
4,@Tazz602 =P just got it on netflix ,non_english; ,False
4,new appart' ? ,non_english; ,False
0,One side of our lab smells like one big funky foot ,non_english; ,False
0,@tld1967  Hope you feel better.,non_english; ,False
4,"@nakayoshix Haha, I just did. ",non_english; ,False
0,I jus broke my nail on my middleleft finger..UUUUUUUUUUGGHH    AUTOMATIC BITCHMODE!!!,non_english; ,False
0,@jennymurder I hope your Mom is okay! I'm so sorry bb! ,non_english; ,False
4,@krissi55 Haha!   Thank you.  ,non_english; ,False
4,@esmn me too ,non_english; ,False
4,@peternoster also gut ,non_english; ,False
4,"it's Friday ,,,, looks like a goodie ",non_english; ,False
4,@mickael you play pro poker? ,non_english; ,False
4,i am still up as usual...am i alone??? ,non_english; ,False
0,rain rain go away......  ,non_english; ,False
0,wants to skip school and stupid tuition tomorrow! And retest toooooo! Oh maaaaaan  http://plurk.com/p/p04p6,non_english; ,False
4,@Calvinhollywood http://twitpic.com/6qzuk - Nen Gudden ,non_english; ,False
0,doesn't understand twitter  xx,non_english; ,False
0,@babydollniki Homagawd you gone lost yo mind ,non_english; ,False
0,dreading drivin up to sva ,non_english; ,False
0, fuck you 2009...,non_english; ,False
4,@samharrelson Roger Wilco Smack ,non_english; ,False
0,Boreeeeeeeeed ,non_english; ,False
4,making pizza ,non_english; ,False
4,just sent my best friend a comment..  Ã¼,non_english; ,False
0,My mom won't make any more pizza. ,non_english; ,False
0,I miss my lappy and my daddy ,non_english; ,False
4,Be back ,non_english; ,False
4,@alyssabeatdown  yeaaah,non_english; ,False
4,Pudding time ,non_english; ,False
4,Dyed my hair. ,non_english; ,False
0,I missssssss my boyfriend like tonzzzz ,non_english; ,False
0,"@AJCann ta, Chris having wondoze movie maker crisis  @cjrw",non_english; ,False
0,I feel so disgusting ,non_english; ,False
4,@colinbaylen you guys! ,non_english; ,False
0,manananghalian pa lang. ,non_english; ,False
4,See you at cloudcamp Barcelona http://bit.ly/nn0iS ,non_english; ,False
0,Smoking! Smoking! Smoking! Plz People.. Quit Smoking! ,non_english; ,False
0,@tri33bell I have yet to meet David ,non_english; ,False
0,@jtimberlake i need you ,non_english; ,False
0,LUCAS!!!! you're super sweet! ,non_english; ,False
0,Ohh my head is banging ,non_english; ,False
4,@venessaaaa followfriday itu tiap jumat kita bikin list orang2 yang recommended buat difollow org lain.. biasanya sih 5 orang.. ,non_english; ,False
4,fantastic. Well done Rog ,non_english; ,False
4,How I make a Living doing nothing  http://bit.ly/ZRZMB,non_english; ,False
4,Off work ,non_english; ,False
4,@amelyaa iyaa mel rabu yaaa  hihihi me too cant wait ,non_english; ,False
0,"Its raining, again. ",non_english; ,False
0,is @ work ,non_english; ,False
4,i am chillin like a villian . ,non_english; ,False
0,"@superherojamie oh fun, i have basketball training from 4 til 5 ",non_english; ,False
4,@mmitchelldaviss I LOVE YOU  &lt;33333 .,non_english; ,False
4,@jordanknight I like her thinking ,non_english; ,False
4,"@mnrizal script utk slideshow image, sok aja cek linknya, kewl pokoknya mah hehe ",non_english; ,False
4,@brenda_t dont give up!   stuuudddddyyy! ,non_english; ,False
4,packing.  yay!!!!!!!!!!,non_english; ,False
0,iPod touch = brick.  ,non_english; ,False
4,boom boom boom - i want you in my room ! ,non_english; ,False
4,@SIMBASMAMA yay thank you! ,non_english; ,False
4,Spongebobs on ,non_english; ,False
4, #andyhurleyday,non_english; ,False
0,i'm sick again ,non_english; ,False
0,baking fails ,non_english; ,False
4,I love my mommy ,non_english; ,False
0,@MzDeDaze no i havent ,non_english; ,False
4,@abutaleb thanks ,non_english; ,False
0,"@future_perfect No hot dogs? I'm weeeeeeeeeeeeeeell hungry, I hope we go out today ",non_english; ,False
0,HISTORY ESSAY ,non_english; ,False
4,"crap , hi all ",non_english; ,False
0,"Working on a Sunday, No Tango today ",non_english; ,False
4,@ruchirfalodiya kidhar haan? m sorry..had to leave...  did i hurt u by quitting suddenly,non_english; ,False
4,@Missagirlwonder good song ,non_english; ,False
0,feck i heard. ,non_english; ,False
4,@kynagelaver slr again  uhmm. yeah. kinda?? lol.,non_english; ,False
0,eewwwww work allll day 2moz ,non_english; ,False
0,duh bsk hrs ngerjain bhs inggris lg  malesin deh,non_english; ,False
4,@alemsah also http://www.atebits.com/tweetie-mac/ ,non_english; ,False
4,@bradmcfadden Welcome back Mcfaddens!! ,non_english; ,False
0,"says, &quot;ah babon goreng Watchmen tiketnya abis.&quot; ",non_english; ,False
4,@invisiblemonkey Maar heb je al gestemd?  ,non_english; ,False
0,@dgritsko      travel safely!,non_english; ,False
4,&quot;Babi&quot; is not a crime! ,non_english; ,False
4,(@simone_QoF) &quot;Ah ha ha shut-up&quot;  #film_club,non_english; ,False
0,"Didn't sleep too great, feel like crap. ",non_english; ,False
0,losecontec 1 harian penuh ,non_english; ,False
4,@Junaidb yeah i seen it stars donnie yen it good movie ,non_english; ,False
0,@NEFanClub no #stalkersunday love?  ,non_english; ,False
0,@michxxblc I'm ok....u?? Just missin @DonnieWahlberg like crazy ,non_english; ,False
4,On the way to jimbaran with radhia sapi nisa mitzy denin sacha aya tahl uje and bibil ,non_english; ,False
4,@randbay lol @ &quot;YEEEEEEEEEEEEEE&quot;... yeah ur from the bay!.. Yadamean?! ahahahah! ,non_english; ,False
0,Paganfest needs a UK date.. i wanna see korpiklaani again ,non_english; ,False
0,@astrishabrina susah emang long distance ituu. huhu. aku juga ngerasain ,non_english; ,False
4,pay day ,non_english; ,False
0,i hate saying goodbyes   ,non_english; ,False
0,"@JYoungS2TS gross, u get my dad!? ",non_english; ,False
0,@peebilicious ,non_english; ,False
4,I LOVE MY BLACKBERRY ,non_english; ,False
4,"@WandaSHorton nope, not just you ",non_english; ,False
0,deadlines ,non_english; ,False
0,being bullied by my little sister ,non_english; ,False
4,iyeeapp! lg lmbt lg bagus.. i'm not prepareedddd! ,non_english; ,False
0,Wanna play ,non_english; ,False
0,says Server too busy. Yadda yadda. What's next? Why am I so grumpy?  http://plurk.com/p/xnsr2,non_english; ,False
0,wants to go shopping so baaad ,non_english; ,False
0,@redvers it did and it does. ,non_english; ,False
4,"@hamsterkitten yes, true.!  Still, need to get more efficient here.",non_english; ,False
4,@seliiim you get a concept here ! ,non_english; ,False
4,today was a good day ,non_english; ,False
4,@JackyHasSoul super! hahaha ,non_english; ,False
4,@Pj_Lang doing whaaaaaat ,non_english; ,False
4,@MrAdamLambert HII ADAMM  &lt;3 youuu  lol,non_english; ,False
4,@TRICKSTER209@M0MaLiCi0uS you guys are making me laugh..... ,non_english; ,False
4,@gryffindorgal87 Oh definitely. WS is a life-changer ,non_english; ,False
4,@Miss_Bevan Morning  Oh no! Why didn't you have a weekend? Hope you get one soon.,non_english; ,False
0,@Leena24 no not good enough ,non_english; ,False
0,Packing ...... ,non_english; ,False
0,I don't feel good ,non_english; ,False
0,"eurgh, insomnia sucks ",non_english; ,False
4,@9DJ let's start tweeting! ,non_english; ,False
0,@Brokencitysky not me? ,non_english; ,False
0,bad day ,non_english; ,False
4,@mellonikan thank you ,non_english; ,False
4,@PaulasRamblings Thank you. ,non_english; ,False
4,i love Queen st.  &lt;3 ,non_english; ,False
0,Oh and i still havent read astons blog ,non_english; ,False
0,"picking up Gingy, poor thing ",non_english; ,False
4,"@Dannymcfly Danny!!!!! I am a Brazilian fan! We love you, guys! ",non_english; ,False
0,@caacau miss you  ,non_english; ,False
0,@KazeYuusha HuH N0 i D0NT MEMBER 0H N MyK DiD  iDK WAT HAPPENED HE JuST ST0PPED TALKiN T0 ME :'(,non_english; ,False
4,"@aaamylee oh, i can't wait to see it ",non_english; ,False
0,@bangmitwords dammn ,non_english; ,False
4,planning to go to Bali with Boss  (sana pumayag si tita ),non_english; ,False
4,"oooppps. I mean, +60. not +06. ",non_english; ,False
0,I am in my bed trying to get sleep ,non_english; ,False
0,OMG..SHE SLEEP NOW AIN'T THIS A &quot;B***H&quot; ,non_english; ,False
0,just got burnt  http://plurk.com/p/ui0i4,non_english; ,False
4,Had a fun night  ,non_english; ,False
0,My head hurts ,duplicate_text; ,True
4,@No1huggles Morning Huggles ,non_english; ,False
0,@pinguprue awwwwwwwwww Nooooooooooooooooooooooooooooooooooooooooooooooooooooooooooo!!  thats awful ,non_english; ,False
4,Long night of partying aheadddddddddd. Love you laura ,non_english; ,False
0,MISS YOU SOOOO MUCH!  ,non_english; ,False
0,WAITING... FOR THE ENCOURAGING E-MAIL TO FEEL BETTER! ,non_english; ,False
4,@maaria_khan Dudeeee Im on msn now but your not &gt;.&lt;  Tweet me zee link ,non_english; ,False
4,@r0ssi Youï¿½ve got mail ,non_english; ,False
0,missing my baby girl ,non_english; ,False
0,@CalelikePale agreed...  I hate it ,non_english; ,False
0,back to work ,duplicate_text; ,True
0,@greercadie yeah i'm a sexual lil girl ,non_english; ,False
4,@MelissaPaige I might just join you ,non_english; ,False
4,@SperoAmor noia! Oh dear lord. Hell no I'm gonna be cool ,non_english; ,False
4,yey! my facebook is fixed na  kala ko may nag hack! whew!,non_english; ,False
0,i feel like summer will be over soon ,non_english; ,False
0,@spicycauldron &quot;Sob!&quot; ,non_english; ,False
0,@geeinbetweemo YOU MADE FUN OF ME WHILE AT SIX FLAGS  im hurt,non_english; ,False
0,My friend Maegan Aguilar is not having a good time.   http://bit.ly/ne4cV #marcabaya #maeganaguilar,non_english; ,False
4,@danphelan hi dan! i'll start working on yours soon ,non_english; ,False
0,is all alone ,non_english; ,False
4,@thisgoeshere haha  #andyhurleyday,non_english; ,False
4,@Mr_LasVegas Awwww ur sooo sweet!  ,non_english; ,False
4,@shiningthunder ,non_english; ,False
4,@SofieY lol have a hug *josh-e style-e* ,non_english; ,False
0, (unsure) (annoyed) http://plurk.com/p/1230lz,non_english; ,False
0,@denkc for reals? ,non_english; ,False
0,@conc3p It won't let me do &quot;none&quot;. ,non_english; ,False
4,@xjoshuax love you  haha,non_english; ,False
0,Up since 3:00. Going to be a looooong day. ,non_english; ,False
4,chateando  jeje,non_english; ,False
4,@CleoChaos I love you ,non_english; ,False
0," cant afford to see Angels and Demons, so i watched it for free: http://tr.im/lvBu",duplicate_text; ,True
0,Just arrived home and kaki gw pegeeeellll  http://myloc.me/3UDh,non_english; ,False
4,@forty4vn ? ï¿½i ) mua c?a cï¿½i j ??y 8-&gt; t? m?i mua cï¿½i WD 400Gb ?en thui 2 tu?n tr??c ,non_english; ,False
4,@dcdebbie  hope you have a great day,non_english; ,False
0,My back hurts   geez.,non_english; ,False
4,Movie day ,non_english; ,False
0,@idddy holiday. I don't know whether i should go. ,non_english; ,False
0,@dcedillo me toooo ,non_english; ,False
4,Off to Santa monica! ,non_english; ,False
4,I like texting Ian (: we talk all day &amp; night ,non_english; ,False
4,à¤à¤¾à¤¨ à¤à¤¤à¤¾ à¥¨ à¤¦à¤¿à¤µà¤¸ à¤¸à¥?à¤à¥?à¤à¤¿.... à¤à¤«à¤¿à¤¸ à¤ à¤à¥à¤à¤¶à¤¨ à¤¨à¤¹à¤¿... à¥¨ à¤¦à¤µà¤¸ à¤«à¤à¥?à¤¤ à¤®à¤¾à¤?à¥?à¤¯à¤¾ à¤¹à¥à¤à¥à¤² à¤®à¤§à¥ à¤¬à¤¸à¤¨à¤¾à¤°. à¤à¤°à¥ à¤¹à¥ à¤à¤¦à¤¿ à¤ªà¤¨ servicing à¤²à¤¾ à¤à¤¾à¤à¤¾à¤¯à¤à¤¿ à¤à¤¹à¥.... ,non_english; ,False
0,uh...i'm pretty disappointed ,non_english; ,False
4,@doughnuh YES YOU CAN! ,non_english; ,False
0,"weekend yet?????????????????????  work is killing me, thanks new girl for quiting.",non_english; ,False
4,"Ã?lex loves Calla... (please, say it lo &quot;kah-la&quot;)  hhttp://tinyurl.com/myjwd5",non_english; ,False
4,"Gnite world, sweet dreams!!!  ",non_english; ,False
0,SOMEONE PLEASE? ,non_english; ,False
4,Goodnight ,duplicate_text; non_english; ,False
4,"&quot;You jump, I jump. Remember?&quot; Awww ",non_english; ,False
0,Swine Flu invading...!? naw i wanna see u pls doo nawt suspend our classes i so wanna see u ,non_english; ,False
0,@ShierlyAngelina I'm not a nixe girl anymore?  Hahaha.,non_english; ,False
4,@rachelcdavies you go girl! ,non_english; ,False
0,@MILEYCYRUS  WHAT ABOUT ME ??  I VOTE EVERY DAY FOR YOU !!!!!,non_english; ,False
4,@stardustdelilah LOL. Yes! I'm turning 12!  And thanks.,non_english; ,False
4,@Aubreeeey You already knoww hoe  I misss ya 'babygirl'! Hahaha,non_english; ,False
4,lake day...beautiful outside! ,non_english; ,False
4,@dopenhagen are you in KL? I am  up for a drink?,non_english; ,False
0,@AndreeaBerghea subscriu ,non_english; ,False
4,@leeteuk he must be sleep like a log..let him sleep..u guys must work very hard..!!!..fighting..!!! ,non_english; ,False
4,@angielala Thanks! I will ,non_english; ,False
0,@Gofackadawg Even Buffy? ,non_english; ,False
4,@xxjaderobboxx i know ,non_english; ,False
0,"@brendyn yes i do, yea ",non_english; ,False
4,sweet dreams ,non_english; ,False
0,My dad ain't home yet  WHYY? ,non_english; ,False
4,Going to sleep.  goodnight guys ,non_english; ,False
4,Re-pinging @bridog0: http://twitpic.com/6ik8w - My grades  congrats!!î? ,non_english; ,False
0,"mac, i miss you  wake up..",non_english; ,False
0,chin hay visitaaa   te toco suelo angie ,non_english; ,False
4,@DebraLopez thanks! &amp; feel better!! ,non_english; ,False
0,i'm really not well ,non_english; ,False
0,"te falar, que eu tÃ´ com dÃ³ do theo fuma1becker    #FREETHEOBECKER",non_english; ,False
0,"i miss you, mohawk ",non_english; ,False
0,@TheLDP ah im kinda uhh sick lmao xD i lost my voice ,non_english; ,False
4,OHMYGOD. I can google myself ,non_english; ,False
0,@MagicalMegatron dude raddest picture ever. I miss u ,non_english; ,False
0,Glad Lee Kuan Yew doesnât want to see Lim Kit Siang  http://bit.ly/152vCc @JohnOng @demonick @skyburial @kyspeaks @nikicheong,non_english; ,False
4,@Liishaa thanks! ,non_english; ,False
4,Watching Mall Cop ,duplicate_text; ,True
0,@patkSTEREOS I miss you ,non_english; ,False
4,http://twitpic.com/68v7q - Our trademark double kissie! ,non_english; ,False
4,@omggitskristin nuh uh. you are a summer person. like me ,non_english; ,False
0,i'm missing my aien so much ,non_english; ,False
0,statisticssssssssssss ,non_english; ,False
4,@LC_xO0 I LOVE YOUUUUU RIGHT BACKKKKKK ,non_english; ,False
0,?ï¿½ nh?n ???c bonus r?i. Ch?c ch? ?? bï¿½ vï¿½o kho?n unpaid leave ,non_english; ,False
4,KeishaFN: HEY BABYYYY WHY ARE YA TREATIN' ME BADDD? ,non_english; ,False
0,@soBOMB i knoooo lol ,non_english; ,False
0,@ktjbpa2006 it doesn't work right? WHAT THE HECK ,non_english; ,False
0,cat nap didn't help ,non_english; ,False
0,My internet is gone ,non_english; ,False
4,Plone 3.3rc3 testen ,non_english; ,False
4,@IsobelWren Yes? ,non_english; ,False
0,@nanashambles the truth is aku ga tau caranya add contact ,non_english; ,False
4,Hanging out with my boo Erika today!!!!! ,non_english; ,False
4,goodnight ,non_english; ,False
4,@ccmaine One word: Ambien. ,non_english; ,False
0,So upset that spring break is like over ,non_english; ,False
4,@julia062 Oh! I like Wo De Kuai Lai. Haha. What's your multiply? ,non_english; ,False
0,i feel like i haven't twittered all day. ,non_english; ,False
4,@Shareka Happy birthday! ,non_english; ,False
0,Melissa is making me cry ,non_english; ,False
4,@kooksters Hi kuya sonny  champion na lakers hehe  kmusta kyo? ,non_english; ,False
4,just got Twitter  ,non_english; ,False
0,is @ work... ,non_english; ,False
0,I don't wanna go back to work ,non_english; ,False
0,@diddlez you has a bad timings ,non_english; ,False
0,@kiD_Myst3ry i bet u dont remember me ,non_english; ,False
0,I dont wanna grow old ,non_english; ,False
4,"@_ironMike no ironMike, YOU'RE THE BIG BALLER.   i can pick you up now HAHAHA (:",non_english; ,False
4,"@cbcradio um, via tweetdeck? ",non_english; ,False
4,@nicksantino ..ngl i'd take you over rpatts anyday ,non_english; ,False
4,por fin viernesssssssssssssssssssssssssssssssss... ,non_english; ,False
4,"@kelseyxxpaige &amp; @shiriceonfire jk.  &amp; get it, get it!  *your so hot&amp;cold.&lt;|3",non_english; ,False
4,@katrinvillaraza New love!? REALLY? ,non_english; ,False
0,"its quite depressing, tbh. ",non_english; ,False
0,@ashleeboof we = no longer friends ,non_english; ,False
4,mmmmm pappi mmmm. my baby's bringing me a big huge salad.  im sooo excited!,non_english; ,False
0,@katieinthehat Oh dear - your weekend not as wonderful?  (Norfolk?),non_english; ,False
4,had a haircut ,non_english; ,False
4,@kayla_elyse Thanks! ,non_english; ,False
4,@dainiesaur HUGGG!! will do ,non_english; ,False
0,i need a hug ,non_english; ,False
0,"@Megannjane you gave me your swine flu, godammit. ",non_english; ,False
4,New Moon looks too goood!  I'm so stoked haha,non_english; ,False
4,Listening to music ,duplicate_text; ,True
0,i need to get to 3.000!!!! ,non_english; ,False
0,god damn it...six flags today  fml,non_english; ,False
4,@smoshian hahaha yeah you're right ,non_english; ,False
0,@charlieskies you dead? ,non_english; ,False
4,Watching Mall Cop ,duplicate_text; ,True
0,Should have fucking registered for delf ,non_english; ,False
4,@AmandaJMichalka Hey ,non_english; ,False
0,I'm FREEZING!!!!! I need a HUG  HALATANG WALNG MAGAWA!!!! Hahaha,non_english; ,False
4,@nemoniknemonik About time! ,non_english; ,False
4,Had FUN today! hahaha. I saw @angelbadaw at woodridge  ily pat! ,non_english; ,False
4,@Ahmad_Alharthi ØªÙØª Ø§ÙØªØ¬Ø±Ø¨Ø© Ø¨ÙØ¬Ø§Ø­ ,non_english; ,False
4,@alexgzz thanks deja lo reviso ,non_english; ,False
0,"my laptop is slow, and I don't have my desk (and desktop) setup yet ",non_english; ,False
4,Hat W Lan ,non_english; ,False
4,@smileybubbbles Lol i said i have mr.taylor 2 times O_O i gotta get offline before my grandma nags! Night for real i must get annoying ,non_english; ,False
0,Never went 2 sleep...  and i got class at 2... i need 2 do dis homework...errrr,non_english; ,False
0,awwww i lost a follower ,non_english; ,False
4,http://twitpic.com/6thoo - my smile technique  so you wont see my pimple. hahaa,non_english; ,False
4,is VERY drunkk.  xoxo ,non_english; ,False
0,"@ahavayafeh Aww, don't cry ",non_english; ,False
4,@israelod not to me  lol,non_english; ,False
0,"I'm working on working, but it's not working  ",non_english; ,False
0,daises are dieing every where.  ,non_english; ,False
0,@wtfoodge Me either. ,non_english; ,False
0,hmm i dont see stars 2nite ,non_english; ,False
4,its like mt tweet was never there ,non_english; ,False
0,I miss you!!! ,non_english; ,False
4,@brytnilyn you will tonight. ,non_english; ,False
4,JUST DYED MY HAIR BLACK. ,non_english; ,False
0,feels like I'm on punishment ,non_english; ,False
4,@mmitchelldaviss / http://bit.ly/13J5PU  / You might like this ,non_english; ,False
0,work til 9 ,non_english; ,False
0,http://www.dourfestival.be/fr/2009/byday i want to go. ,non_english; ,False
4,@lisamadanna i just wanted to know!!! ,non_english; ,False
4,@silverstein see you boys in sudbury!!!! ,non_english; ,False
0,VENTURES guitarist Dies at 75  #music http://bit.ly/cz9kJ,non_english; ,False
4,@djmisskai whats good lady?! ,non_english; ,False
0,i have a fever ,non_english; ,False
4,Video: MORE GLEE TO LOOK FORWARD TO! INTERESTING!  http://tumblr.com/xrc1wac35,non_english; ,False
0,@jdee313 Stranger...we had an agreement I thought?! ,non_english; ,False
4,@BobbyPYo haha I wish ,non_english; ,False
4,eating at gateway.. ,non_english; ,False
4,@Gingernyc it did indeed ,non_english; ,False
4,@jessiemona -- alrighty ,non_english; ,False
4,@MaheshKukreja You too sweetie ,non_english; ,False
0,told ya  FUCK ,non_english; ,False
4,"Love you, ICINGstores! ",non_english; ,False
0,@jenRIZZY @ night I hope cuz I workkkkk ,non_english; ,False
4,@leddy2286   http://twitpic.com/6tmkk,non_english; ,False
0,omfg the poor baby died ,non_english; ,False
4,@angieeLARHH hahaha lol yeah but its true ,non_english; ,False
4,@kellymisa hhhmmmm i see sayang talaga. . . i'll just buy another one on friday. . . ,non_english; ,False
4,@Ronjayy well thank you. i love u too ,non_english; ,False
4,Hope you did well ,non_english; ,False
0,@tweetiepies aww ,non_english; ,False
4,Hiya silver hair shampoo ,non_english; ,False
0,     I dont like this weekend.. Huhuhu ( (,non_english; ,False
